position,source_name,occurrence,canonical_name,entity,field_class,unit,proposed_silver_routing,predictive_signal_value,schema_diff
0,Charger Id,1,charger_id,CHARGER,IDENTIFIER,,CHARGER_TELEMETRY,CONTEXT,NEW_IN_REAL
1,OCPP Id,1,ocpp_id,COMMUNICATION,IDENTIFIER,,COMMUNICATION_OBSERVATION,CONTEXT,NEW_IN_REAL
2,Charging Station,1,charging_station,SITE,IDENTIFIER,,SITE_METADATA,CONTEXT,NEW_IN_REAL
3,Logged At Time,1,logged_at_time,CHARGER,TIMESTAMP,s,CHARGER_TELEMETRY,MEDIUM,NEW_IN_REAL
4,L1-N Voltage,1,l1_n_voltage,CHARGER,CONTINUOUS_TELEMETRY,V,CHARGER_TELEMETRY,HIGH,NEW_IN_REAL
5,L2-N Voltage,1,l2_n_voltage,CHARGER,CONTINUOUS_TELEMETRY,V,CHARGER_TELEMETRY,HIGH,NEW_IN_REAL
6,L3-N Voltage,1,l3_n_voltage,CHARGER,CONTINUOUS_TELEMETRY,V,CHARGER_TELEMETRY,HIGH,NEW_IN_REAL
7,Neutral Voltage,1,neutral_voltage,CHARGER,CONTINUOUS_TELEMETRY,V,CHARGER_TELEMETRY,HIGH,NEW_IN_REAL
8,Line 1 Input Current,1,line_1_input_current,CHARGER,CONTINUOUS_TELEMETRY,A,CHARGER_TELEMETRY,HIGH,NEW_IN_REAL
9,Line 2 Input Current,1,line_2_input_current,CHARGER,CONTINUOUS_TELEMETRY,A,CHARGER_TELEMETRY,HIGH,NEW_IN_REAL
10,Line 3 Input Current,1,line_3_input_current,CHARGER,CONTINUOUS_TELEMETRY,A,CHARGER_TELEMETRY,HIGH,NEW_IN_REAL
11,Frequency,1,frequency,CHARGER,CONTINUOUS_TELEMETRY,Hz,CHARGER_TELEMETRY,HIGH,NEW_IN_REAL
12,Power Factor,1,power_factor,CHARGER,CONTINUOUS_TELEMETRY,kW,CHARGER_TELEMETRY,HIGH,NEW_IN_REAL
13,Active Power,1,active_power,CHARGER,CONTINUOUS_TELEMETRY,kW,CHARGER_TELEMETRY,HIGH,NEW_IN_REAL
14,AC Contactor Status,1,ac_contactor_status,CONTACTOR,STATE,,CONTACTOR_OBSERVATION,MEDIUM,NEW_IN_REAL
15,L1-L2 Voltage,1,l1_l2_voltage,CHARGER,CONTINUOUS_TELEMETRY,V,CHARGER_TELEMETRY,HIGH,NEW_IN_REAL
16,L2-L3 Voltage,1,l2_l3_voltage,CHARGER,CONTINUOUS_TELEMETRY,V,CHARGER_TELEMETRY,HIGH,NEW_IN_REAL
17,L3-L1 Voltage,1,l3_l1_voltage,CHARGER,CONTINUOUS_TELEMETRY,V,CHARGER_TELEMETRY,HIGH,NEW_IN_REAL
18,Reactive Power,1,reactive_power,CHARGER,CONTINUOUS_TELEMETRY,kW,CHARGER_TELEMETRY,HIGH,NEW_IN_REAL
19,Active Energy,1,active_energy,CHARGER,CONTINUOUS_TELEMETRY,kWh,CHARGER_TELEMETRY,MEDIUM,NEW_IN_REAL
20,Reactive Energy,1,reactive_energy,CHARGER,CONTINUOUS_TELEMETRY,kWh,CHARGER_TELEMETRY,MEDIUM,NEW_IN_REAL
21,Apparent Energy,1,apparent_energy,CHARGER,CONTINUOUS_TELEMETRY,kWh,CHARGER_TELEMETRY,MEDIUM,NEW_IN_REAL
22,Ground resistance value,1,ground_resistance_value,ALARM,ALARM_FLAG,kOhm,ALARM_OBSERVATION,HIGH,NEW_IN_REAL
23,L1-N Voltage(Meter),1,l1_n_voltage_meter,CHARGER,CONTINUOUS_TELEMETRY,V,CHARGER_TELEMETRY,HIGH,NEW_IN_REAL
24,L2-N Voltage(Meter),1,l2_n_voltage_meter,CHARGER,CONTINUOUS_TELEMETRY,V,CHARGER_TELEMETRY,HIGH,NEW_IN_REAL
25,L3-N Voltage(Meter),1,l3_n_voltage_meter,CHARGER,CONTINUOUS_TELEMETRY,V,CHARGER_TELEMETRY,HIGH,NEW_IN_REAL
26,Grid Status,1,grid_status,CHARGER,STATE,,CHARGER_TELEMETRY,MEDIUM,NEW_IN_REAL
27,Apparent Power,1,apparent_power,CHARGER,CONTINUOUS_TELEMETRY,kW,CHARGER_TELEMETRY,HIGH,NEW_IN_REAL
28,CCU Comm Fail,1,ccu_comm_fail,COMMUNICATION,ALARM_FLAG,,ALARM_OBSERVATION,HIGH,NEW_IN_REAL
29,LED Strip Card Comm Fail,1,led_strip_card_comm_fail,COMMUNICATION,ALARM_FLAG,,ALARM_OBSERVATION,HIGH,NEW_IN_REAL
30,DCSI Card Comm Fail,1,dcsi_card_comm_fail,COMMUNICATION,ALARM_FLAG,,ALARM_OBSERVATION,HIGH,NEW_IN_REAL
31,AC Sense Card CommFail,1,ac_sense_card_commfail,COMMUNICATION,ALARM_FLAG,,ALARM_OBSERVATION,HIGH,NEW_IN_REAL
32,LED Board Comm Fail,1,led_board_comm_fail,COMMUNICATION,ALARM_FLAG,,ALARM_OBSERVATION,HIGH,NEW_IN_REAL
33,RFID Reader Comm Fail,1,rfid_reader_comm_fail,COMMUNICATION,IDENTIFIER,,COMMUNICATION_OBSERVATION,HIGH,NEW_IN_REAL
34,Modem Comm Fail,1,modem_comm_fail,COMMUNICATION,ALARM_FLAG,,ALARM_OBSERVATION,HIGH,NEW_IN_REAL
35,Modem Sim Present,1,modem_sim_present,COMMUNICATION,STATE,,COMMUNICATION_OBSERVATION,MEDIUM,NEW_IN_REAL
36,Display Comm Fail,1,display_comm_fail,COMMUNICATION,ALARM_FLAG,,ALARM_OBSERVATION,HIGH,NEW_IN_REAL
37,CMS Comm Fail,1,cms_comm_fail,COMMUNICATION,ALARM_FLAG,,ALARM_OBSERVATION,HIGH,NEW_IN_REAL
38,Fan Card Comm Fail,1,fan_card_comm_fail,COMMUNICATION,ALARM_FLAG,,ALARM_OBSERVATION,HIGH,NEW_IN_REAL
39,I/O Card Comm Fail,1,i_o_card_comm_fail,COMMUNICATION,ALARM_FLAG,,ALARM_OBSERVATION,HIGH,NEW_IN_REAL
40,Input ACEM Comm Fail,1,input_acem_comm_fail,COMMUNICATION,ALARM_FLAG,,ALARM_OBSERVATION,HIGH,NEW_IN_REAL
41,RTC Clock Drift Warning,1,rtc_clock_drift_warning,ALARM,ALARM_FLAG,,ALARM_OBSERVATION,HIGH,NEW_IN_REAL
42,RMS Disabled Alarm,1,rms_disabled_alarm,ALARM,ALARM_FLAG,,ALARM_OBSERVATION,HIGH,NEW_IN_REAL
43,LEDCard2 Comm Fail,1,ledcard2_comm_fail,COMMUNICATION,ALARM_FLAG,,ALARM_OBSERVATION,HIGH,NEW_IN_REAL
44,Modem Signal Intensity,1,modem_signal_intensity,COMMUNICATION,CONTINUOUS_TELEMETRY,,COMMUNICATION_OBSERVATION,MEDIUM,NEW_IN_REAL
45,RSRP,1,rsrp,COMMUNICATION,CONTINUOUS_TELEMETRY,,COMMUNICATION_OBSERVATION,HIGH,NEW_IN_REAL
46,RSRQ,1,rsrq,COMMUNICATION,CONTINUOUS_TELEMETRY,,COMMUNICATION_OBSERVATION,HIGH,NEW_IN_REAL
47,Pilot-Upper TCP Interface,1,pilot_upper_tcp_interface,CHARGER,STATE,,CHARGER_TELEMETRY,MEDIUM,NEW_IN_REAL
48,RMS Enable ModifiedBy,1,rms_enable_modifiedby,CHARGER,STATE,,CHARGER_TELEMETRY,MEDIUM,NEW_IN_REAL
49,Fan Run Status,1,fan_run_status,CHARGER,STATE,,CHARGER_TELEMETRY,MEDIUM,NEW_IN_REAL
50,FAN Set Speed,1,fan_set_speed,CHARGER,CONTINUOUS_TELEMETRY,RPM,CHARGER_TELEMETRY,MEDIUM,NEW_IN_REAL
51,System Fan Speed,1,system_fan_speed,CHARGER,CONTINUOUS_TELEMETRY,RPM,CHARGER_TELEMETRY,MEDIUM,NEW_IN_REAL
52,Cabinet Temperature,1,cabinet_temperature,CHARGER,CONTINUOUS_TELEMETRY,degC,CHARGER_TELEMETRY,HIGH,EXACT_EXISTING
53,Cooling Temp Sensor 1,1,cooling_temp_sensor_1,CHARGER,CONTINUOUS_TELEMETRY,degC,CHARGER_TELEMETRY,HIGH,NEW_IN_REAL
54,Cooling Temp Sensor 2,1,cooling_temp_sensor_2,CHARGER,CONTINUOUS_TELEMETRY,degC,CHARGER_TELEMETRY,HIGH,NEW_IN_REAL
55,Fan Card Status,1,fan_card_status,CHARGER,STATE,,CHARGER_TELEMETRY,MEDIUM,NEW_IN_REAL
56,Rect Max Temperature,1,rect_max_temperature,RECTIFIER,CONTINUOUS_TELEMETRY,degC,RECTIFIER_TELEMETRY,HIGH,NEW_IN_REAL
57,Fan 1 Status,1,fan_1_status,CHARGER,STATE,,CHARGER_TELEMETRY,MEDIUM,NEW_IN_REAL
58,Fan 2 Status,1,fan_2_status,CHARGER,STATE,,CHARGER_TELEMETRY,MEDIUM,NEW_IN_REAL
59,Fan 3 Status,1,fan_3_status,CHARGER,STATE,,CHARGER_TELEMETRY,MEDIUM,NEW_IN_REAL
60,Fan 4 Status,1,fan_4_status,CHARGER,STATE,,CHARGER_TELEMETRY,MEDIUM,NEW_IN_REAL
61,Fan 5 Status,1,fan_5_status,CHARGER,STATE,,CHARGER_TELEMETRY,MEDIUM,NEW_IN_REAL
62,Fan 6 Status,1,fan_6_status,CHARGER,STATE,,CHARGER_TELEMETRY,MEDIUM,NEW_IN_REAL
63,Fan 7 Status,1,fan_7_status,CHARGER,STATE,,CHARGER_TELEMETRY,MEDIUM,NEW_IN_REAL
64,Fan 8 Status,1,fan_8_status,CHARGER,STATE,,CHARGER_TELEMETRY,MEDIUM,NEW_IN_REAL
65,Fan 9 Status,1,fan_9_status,CHARGER,STATE,,CHARGER_TELEMETRY,MEDIUM,NEW_IN_REAL
66,Fan 10 Status,1,fan_10_status,CHARGER,STATE,,CHARGER_TELEMETRY,MEDIUM,NEW_IN_REAL
67,Fan 11 Status,1,fan_11_status,CHARGER,STATE,,CHARGER_TELEMETRY,MEDIUM,NEW_IN_REAL
68,Fan 12 Status,1,fan_12_status,CHARGER,STATE,,CHARGER_TELEMETRY,MEDIUM,NEW_IN_REAL
69,Fan 13 Status,1,fan_13_status,CHARGER,STATE,,CHARGER_TELEMETRY,MEDIUM,NEW_IN_REAL
70,Fan 14 Status,1,fan_14_status,CHARGER,STATE,,CHARGER_TELEMETRY,MEDIUM,NEW_IN_REAL
71,Fan 15 Status,1,fan_15_status,CHARGER,STATE,,CHARGER_TELEMETRY,MEDIUM,NEW_IN_REAL
72,Fan 16 Status,1,fan_16_status,CHARGER,STATE,,CHARGER_TELEMETRY,MEDIUM,NEW_IN_REAL
73,Fan 17 Status,1,fan_17_status,CHARGER,STATE,,CHARGER_TELEMETRY,MEDIUM,NEW_IN_REAL
74,Fan 18 Status,1,fan_18_status,CHARGER,STATE,,CHARGER_TELEMETRY,MEDIUM,NEW_IN_REAL
75,Fan 19 Status,1,fan_19_status,CHARGER,STATE,,CHARGER_TELEMETRY,LOW,NEW_IN_REAL
76,Fan 20 Status,1,fan_20_status,CHARGER,STATE,,CHARGER_TELEMETRY,LOW,NEW_IN_REAL
77,Fan 21 Status,1,fan_21_status,CHARGER,STATE,,CHARGER_TELEMETRY,LOW,NEW_IN_REAL
78,Fan 22 Status,1,fan_22_status,CHARGER,STATE,,CHARGER_TELEMETRY,LOW,NEW_IN_REAL
79,Fan 23 Status,1,fan_23_status,CHARGER,STATE,,CHARGER_TELEMETRY,MEDIUM,NEW_IN_REAL
80,DC Section FAN Status,1,dc_section_fan_status,CHARGER,STATE,,CHARGER_TELEMETRY,MEDIUM,NEW_IN_REAL
81,Grid Fail,1,grid_fail,CHARGER,ALARM_FLAG,,ALARM_OBSERVATION,HIGH,NEW_IN_REAL
82,Class-C SPD Fail,1,class_c_spd_fail,CHARGER,ALARM_FLAG,,ALARM_OBSERVATION,HIGH,NEW_IN_REAL
83,NE Voltage High Alarm,1,ne_voltage_high_alarm,ALARM,ALARM_FLAG,V,ALARM_OBSERVATION,HIGH,NEW_IN_REAL
84,Line 1 Fail,1,line_1_fail,CHARGER,ALARM_FLAG,,ALARM_OBSERVATION,HIGH,NEW_IN_REAL
85,Line 2 Fail,1,line_2_fail,CHARGER,ALARM_FLAG,,ALARM_OBSERVATION,MEDIUM,NEW_IN_REAL
86,Line 3 Fail,1,line_3_fail,CHARGER,ALARM_FLAG,,ALARM_OBSERVATION,HIGH,NEW_IN_REAL
87,Line 1 Over Voltage,1,line_1_over_voltage,CHARGER,CONTINUOUS_TELEMETRY,V,CHARGER_TELEMETRY,HIGH,NEW_IN_REAL
88,Line 2 Over Voltage,1,line_2_over_voltage,CHARGER,CONTINUOUS_TELEMETRY,V,CHARGER_TELEMETRY,HIGH,NEW_IN_REAL
89,Line 3 Over Voltage,1,line_3_over_voltage,CHARGER,CONTINUOUS_TELEMETRY,V,CHARGER_TELEMETRY,HIGH,NEW_IN_REAL
90,Line 1 Under Voltage,1,line_1_under_voltage,CHARGER,CONTINUOUS_TELEMETRY,V,CHARGER_TELEMETRY,HIGH,NEW_IN_REAL
91,Line 2 Under Voltage,1,line_2_under_voltage,CHARGER,CONTINUOUS_TELEMETRY,V,CHARGER_TELEMETRY,HIGH,NEW_IN_REAL
92,Line 3 Under Voltage,1,line_3_under_voltage,CHARGER,CONTINUOUS_TELEMETRY,V,CHARGER_TELEMETRY,HIGH,NEW_IN_REAL
93,Door Open,1,door_open,ALARM,ALARM_FLAG,,ALARM_OBSERVATION,HIGH,NEW_IN_REAL
94,Smoke Alarm,1,smoke_alarm,ALARM,ALARM_FLAG,,ALARM_OBSERVATION,MEDIUM,NEW_IN_REAL
95,Emergency Stop Active,1,emergency_stop_active,ALARM,ALARM_FLAG,,ALARM_OBSERVATION,HIGH,NEW_IN_REAL
96,System Over Temperature,1,system_over_temperature,CHARGER,STATE,degC,CHARGER_TELEMETRY,HIGH,NEW_IN_REAL
97,Input Contactor Fail,1,input_contactor_fail,CONTACTOR,ALARM_FLAG,,ALARM_OBSERVATION,HIGH,NEW_IN_REAL
98,System Tilted,1,system_tilted,CHARGER,STATE,,CHARGER_TELEMETRY,LOW,NEW_IN_REAL
99,Temperature Sensor Disconnected,1,temperature_sensor_disconnected,CHARGER,STATE,degC,CHARGER_TELEMETRY,HIGH,NEW_IN_REAL
100,System FAN Fail,1,system_fan_fail,CHARGER,ALARM_FLAG,,ALARM_OBSERVATION,MEDIUM,NEW_IN_REAL
101,Filter Maintenance Warning,1,filter_maintenance_warning,ALARM,ALARM_FLAG,,ALARM_OBSERVATION,MEDIUM,NEW_IN_REAL
102,Mains High,1,mains_high,CHARGER,STATE,,CHARGER_TELEMETRY,LOW,NEW_IN_REAL
103,Mains Low,1,mains_low,CHARGER,STATE,,CHARGER_TELEMETRY,LOW,NEW_IN_REAL
104,Grid Abnormal,1,grid_abnormal,CHARGER,ALARM_FLAG,,ALARM_OBSERVATION,MEDIUM,NEW_IN_REAL
105,SD Card Not Present,1,sd_card_not_present,CHARGER,STATE,,CHARGER_TELEMETRY,LOW,NEW_IN_REAL
106,SD Card Fail,1,sd_card_fail,CHARGER,ALARM_FLAG,,ALARM_OBSERVATION,MEDIUM,NEW_IN_REAL
107,SD Card Crc Fail,1,sd_card_crc_fail,CHARGER,ALARM_FLAG,,ALARM_OBSERVATION,MEDIUM,NEW_IN_REAL
108,Input RCBO Tripped,1,input_rcbo_tripped,ALARM,ALARM_FLAG,,ALARM_OBSERVATION,MEDIUM,NEW_IN_REAL
109,Temperature Sensor-1 Fail,1,temperature_sensor_1_fail,CHARGER,STATE,degC,CHARGER_TELEMETRY,HIGH,NEW_IN_REAL
110,Temperature Sensor-2 Fail,1,temperature_sensor_2_fail,CHARGER,STATE,degC,CHARGER_TELEMETRY,HIGH,NEW_IN_REAL
111,MCCB Tripped,1,mccb_tripped,ALARM,ALARM_FLAG,,ALARM_OBSERVATION,HIGH,NEW_IN_REAL
112,Class-D SPD Fail Alarm,1,class_d_spd_fail_alarm,ALARM,ALARM_FLAG,,ALARM_OBSERVATION,HIGH,NEW_IN_REAL
113,Ground Fault Alarm,1,ground_fault_alarm,ALARM,ALARM_FLAG,,ALARM_OBSERVATION,HIGH,NEW_IN_REAL
114,HVLV Cut-Off Alarm,1,hvlv_cut_off_alarm,ALARM,ALARM_FLAG,,ALARM_OBSERVATION,HIGH,NEW_IN_REAL
115,Auxillary MCB Trip Alarm,1,auxillary_mcb_trip_alarm,ALARM,ALARM_FLAG,,ALARM_OBSERVATION,HIGH,NEW_IN_REAL
116,All Rectifier Fail,1,all_rectifier_fail,RECTIFIER,ALARM_FLAG,,RECTIFIER_TELEMETRY,HIGH,NEW_IN_REAL
117,All Rectifier Communication Fail,1,all_rectifier_communication_fail,COMMUNICATION,ALARM_FLAG,,ALARM_OBSERVATION,HIGH,NEW_IN_REAL
118,DCEM SN Duplicate,1,dcem_sn_duplicate,CHARGER,STATE,,CHARGER_TELEMETRY,MEDIUM,NEW_IN_REAL
119,BackupBatteryLow,1,backupbatterylow,BATTERY,ALARM_FLAG,,ALARM_OBSERVATION,HIGH,NEW_IN_REAL
120,Earth Leakage Sensed Alarm,1,earth_leakage_sensed_alarm,ALARM,ALARM_FLAG,,ALARM_OBSERVATION,HIGH,NEW_IN_REAL
121,GMD Comm Fail alarm,1,gmd_comm_fail_alarm,COMMUNICATION,ALARM_FLAG,,ALARM_OBSERVATION,HIGH,NEW_IN_REAL
122,Ring Communication Break,1,ring_communication_break,COMMUNICATION,ALARM_FLAG,,ALARM_OBSERVATION,HIGH,NEW_IN_REAL
123,SIM not inserted Alarm,1,sim_not_inserted_alarm,COMMUNICATION,ALARM_FLAG,,ALARM_OBSERVATION,HIGH,NEW_IN_REAL
124,Any Rect Fail,1,any_rect_fail,RECTIFIER,ALARM_FLAG,,RECTIFIER_TELEMETRY,HIGH,NEW_IN_REAL
125,Grid Over Voltage,1,grid_over_voltage,CHARGER,CONTINUOUS_TELEMETRY,V,CHARGER_TELEMETRY,HIGH,NEW_IN_REAL
126,Grid Under Voltage,1,grid_under_voltage,CHARGER,CONTINUOUS_TELEMETRY,V,CHARGER_TELEMETRY,HIGH,NEW_IN_REAL
127,Any Rect Comm Fail,1,any_rect_comm_fail,COMMUNICATION,ALARM_FLAG,,ALARM_OBSERVATION,HIGH,NEW_IN_REAL
128,Connector No,1,connector_no,CONNECTOR,IDENTIFIER,,CONNECTOR_TELEMETRY,CONTEXT,EXACT_EXISTING
129,Connector Type,1,connector_type,CONFIGURATION,CONFIGURATION,,CONFIGURATION,CONTEXT,NEW_IN_REAL
130,Connector Status,1,connector_status,CONNECTOR,STATE,,CONNECTOR_TELEMETRY,MEDIUM,EXACT_EXISTING
131,OCPP State,1,ocpp_state,COMMUNICATION,STATE,,COMMUNICATION_OBSERVATION,MEDIUM,NEW_IN_REAL
132,Pilot Controller State,1,pilot_controller_state,CHARGER,STATE,,CHARGER_TELEMETRY,MEDIUM,NEW_IN_REAL
133,Plug Status,1,plug_status,CONNECTOR,STATE,,CONNECTOR_TELEMETRY,MEDIUM,NEW_IN_REAL
134,CCS Main State,1,ccs_main_state,CONNECTOR,STATE,,CONNECTOR_TELEMETRY,MEDIUM,NEW_IN_REAL
135,CCS Sub State,1,ccs_sub_state,CONNECTOR,STATE,,CONNECTOR_TELEMETRY,MEDIUM,NEW_IN_REAL
136,CCU Main State,1,ccu_main_state,CHARGER,STATE,,CHARGER_TELEMETRY,MEDIUM,NEW_IN_REAL
137,CP Voltage,1,cp_voltage,CHARGER,CONTINUOUS_TELEMETRY,V,CHARGER_TELEMETRY,HIGH,NEW_IN_REAL
138,Gun Temp Dc+,1,gun_temp_dc,CONNECTOR,CONTINUOUS_TELEMETRY,degC,CONNECTOR_TELEMETRY,HIGH,NEW_IN_REAL
139,Gun Temp Dc-,1,gun_temp_dc,CONNECTOR,CONTINUOUS_TELEMETRY,degC,CONNECTOR_TELEMETRY,HIGH,NEW_IN_REAL
140,Gun Insertion Cycle Count,1,gun_insertion_cycle_count,COUNTER,COUNTER,,LIFECYCLE_COUNTERS,MEDIUM,NEW_IN_REAL
141,Gun Voltage,1,gun_voltage,CONNECTOR,CONTINUOUS_TELEMETRY,V,CONNECTOR_TELEMETRY,HIGH,NEW_IN_REAL
142,Charge Selected Mode,1,charge_selected_mode,CONFIGURATION,CONFIGURATION,,CONFIGURATION,CONTEXT,NEW_IN_REAL
143,Last Charge Session Stop Reason,1,last_charge_session_stop_reason,SESSION,STATE,,SESSION_OBSERVATION,LEAKAGE_RISK,EXACT_EXISTING
144,No Of Active Rectifiers,1,no_of_active_rectifiers,RECTIFIER,CONTINUOUS_TELEMETRY,,RECTIFIER_TELEMETRY,MEDIUM,NEW_IN_REAL
145,Set Voltage,1,set_voltage,CHARGER,CONTINUOUS_TELEMETRY,V,CHARGER_TELEMETRY,HIGH,NEW_IN_REAL
146,Set Current,1,set_current,CHARGER,CONTINUOUS_TELEMETRY,A,CHARGER_TELEMETRY,HIGH,NEW_IN_REAL
147,Output Voltage,1,output_voltage,CHARGER,CONTINUOUS_TELEMETRY,V,CHARGER_TELEMETRY,HIGH,NEW_IN_REAL
148,Output Current,1,output_current,CHARGER,CONTINUOUS_TELEMETRY,A,CHARGER_TELEMETRY,HIGH,NEW_IN_REAL
149,Available Max Current,1,available_max_current,CHARGER,CONTINUOUS_TELEMETRY,A,CHARGER_TELEMETRY,HIGH,NEW_IN_REAL
150,Available Max Power,1,available_max_power,CHARGER,CONTINUOUS_TELEMETRY,kW,CHARGER_TELEMETRY,HIGH,NEW_IN_REAL
151,Group Rect Fail,1,group_rect_fail,RECTIFIER,ALARM_FLAG,,RECTIFIER_TELEMETRY,HIGH,NEW_IN_REAL
152,Group Rect Comm Fail,1,group_rect_comm_fail,COMMUNICATION,ALARM_FLAG,,ALARM_OBSERVATION,HIGH,NEW_IN_REAL
153,DC Over Voltage,1,dc_over_voltage,CHARGER,STATE,V,CHARGER_TELEMETRY,HIGH,NEW_IN_REAL
154,Short Circuit,1,short_circuit,ALARM,ALARM_FLAG,,ALARM_OBSERVATION,MEDIUM,NEW_IN_REAL
155,Insulation Comm Fail,1,insulation_comm_fail,COMMUNICATION,ALARM_FLAG,,ALARM_OBSERVATION,HIGH,NEW_IN_REAL
156,Last Insulation Test Fail,1,last_insulation_test_fail,ALARM,ALARM_FLAG,,ALARM_OBSERVATION,HIGH,NEW_IN_REAL
157,Gun Over Temp Warning,1,gun_over_temp_warning,CONNECTOR,ALARM_FLAG,degC,CONNECTOR_TELEMETRY,HIGH,NEW_IN_REAL
158,GunOverTempCutoff,1,gunovertempcutoff,CONNECTOR,CONTINUOUS_TELEMETRY,degC,CONNECTOR_TELEMETRY,HIGH,NEW_IN_REAL
159,GUNOverTempDC+ Warning,1,gunovertempdc_warning,CONNECTOR,ALARM_FLAG,degC,CONNECTOR_TELEMETRY,HIGH,NEW_IN_REAL
160,GUNOverTempDC- Warning,1,gunovertempdc_warning,CONNECTOR,ALARM_FLAG,degC,CONNECTOR_TELEMETRY,MEDIUM,NEW_IN_REAL
161,Gun Ov Temp Derating Set,1,gun_ov_temp_derating_set,CONNECTOR,CONTINUOUS_TELEMETRY,degC,CONNECTOR_TELEMETRY,HIGH,NEW_IN_REAL
162,PLC Comm Fail,1,plc_comm_fail,COMMUNICATION,ALARM_FLAG,,ALARM_OBSERVATION,HIGH,NEW_IN_REAL
163,E Lock Failed,1,e_lock_failed,CHARGER,STATE,,CHARGER_TELEMETRY,HIGH,NEW_IN_REAL
164,Energy Meter Comm Fail,1,energy_meter_comm_fail,COMMUNICATION,ALARM_FLAG,kWh,ALARM_OBSERVATION,HIGH,NEW_IN_REAL
165,Gun locked by CMS,1,gun_locked_by_cms,COMMUNICATION,STATE,,COMMUNICATION_OBSERVATION,MEDIUM,NEW_IN_REAL
166,Fuse Fail Alarm,1,fuse_fail_alarm,ALARM,ALARM_FLAG,,ALARM_OBSERVATION,MEDIUM,NEW_IN_REAL
167,Auxillary Power Fail,1,auxillary_power_fail,CHARGER,STATE,kW,CHARGER_TELEMETRY,HIGH,NEW_IN_REAL
168,Gun Temperature Derating Status,1,gun_temperature_derating_status,CONNECTOR,CONTINUOUS_TELEMETRY,degC,CONNECTOR_TELEMETRY,HIGH,NEW_IN_REAL
169,Gun Rect Fail,1,gun_rect_fail,RECTIFIER,ALARM_FLAG,,RECTIFIER_TELEMETRY,MEDIUM,NEW_IN_REAL
170,Gun Rect Comm Fail,1,gun_rect_comm_fail,COMMUNICATION,ALARM_FLAG,,ALARM_OBSERVATION,MEDIUM,NEW_IN_REAL
171,Gun Dc+ Ultra Temp,1,gun_dc_ultra_temp,CONNECTOR,ALARM_FLAG,degC,CONNECTOR_TELEMETRY,HIGH,NEW_IN_REAL
172,Gun Dc- Ultra Temp,1,gun_dc_ultra_temp,CONNECTOR,ALARM_FLAG,degC,CONNECTOR_TELEMETRY,MEDIUM,NEW_IN_REAL
173,Gun Dc Contactor Fail,1,gun_dc_contactor_fail,CONTACTOR,ALARM_FLAG,,ALARM_OBSERVATION,MEDIUM,NEW_IN_REAL
174,Gun DC+ Temp Sensor Disconnect,1,gun_dc_temp_sensor_disconnect,CONNECTOR,CONTINUOUS_TELEMETRY,degC,CONNECTOR_TELEMETRY,HIGH,NEW_IN_REAL
175,Gun DC- Temp Sensor Disconnect,1,gun_dc_temp_sensor_disconnect,CONNECTOR,CONTINUOUS_TELEMETRY,degC,CONNECTOR_TELEMETRY,HIGH,NEW_IN_REAL
176,GUN Temperature Sensor Disconnect,1,gun_temperature_sensor_disconnect,CONNECTOR,CONTINUOUS_TELEMETRY,degC,CONNECTOR_TELEMETRY,HIGH,NEW_IN_REAL
177,GUN DC+ Temp Sensor Loose,1,gun_dc_temp_sensor_loose,CONNECTOR,CONTINUOUS_TELEMETRY,degC,CONNECTOR_TELEMETRY,HIGH,NEW_IN_REAL
178,GUN DC- Temp Sensor Loose,1,gun_dc_temp_sensor_loose,CONNECTOR,CONTINUOUS_TELEMETRY,degC,CONNECTOR_TELEMETRY,HIGH,NEW_IN_REAL
179,Gun Not Placed Back Alarm,1,gun_not_placed_back_alarm,CONNECTOR,ALARM_FLAG,,CONNECTOR_TELEMETRY,HIGH,NEW_IN_REAL
180,Voltage Calibration Error,1,voltage_calibration_error,CHARGER,STATE,V,CHARGER_TELEMETRY,HIGH,NEW_IN_REAL
181,Power Section Failed,1,power_section_failed,CHARGER,STATE,kW,CHARGER_TELEMETRY,HIGH,NEW_IN_REAL
182,Ems Output Voltage,1,ems_output_voltage,CHARGER,CONTINUOUS_TELEMETRY,V,CHARGER_TELEMETRY,HIGH,NEW_IN_REAL
183,Ems Output Current,1,ems_output_current,CHARGER,CONTINUOUS_TELEMETRY,A,CHARGER_TELEMETRY,HIGH,NEW_IN_REAL
184,Ems Output Power,1,ems_output_power,CHARGER,CONTINUOUS_TELEMETRY,kW,CHARGER_TELEMETRY,HIGH,NEW_IN_REAL
185,Ems Cumulative Energy,1,ems_cumulative_energy,COUNTER,COUNTER,kWh,LIFECYCLE_COUNTERS,MEDIUM,NEW_IN_REAL
186,AC Contactor Switching Cycle,1,ac_contactor_switching_cycle,CONTACTOR,STATE,,CONTACTOR_OBSERVATION,MEDIUM,NEW_IN_REAL
187,AC Contactor Feedback Status,1,ac_contactor_feedback_status,CONTACTOR,STATE,,CONTACTOR_OBSERVATION,LOW,NEW_IN_REAL
188,AC Over Voltage,1,ac_over_voltage,CHARGER,STATE,V,CHARGER_TELEMETRY,HIGH,NEW_IN_REAL
189,AC Fail Alarm,1,ac_fail_alarm,ALARM,ALARM_FLAG,,ALARM_OBSERVATION,MEDIUM,NEW_IN_REAL
190,AC Under Voltage,1,ac_under_voltage,CHARGER,STATE,V,CHARGER_TELEMETRY,HIGH,NEW_IN_REAL
191,AC EnergyMeterCommFail,1,ac_energymetercommfail,COMMUNICATION,ALARM_FLAG,kWh,ALARM_OBSERVATION,MEDIUM,NEW_IN_REAL
192,Session Type,1,session_type,CONFIGURATION,CONFIGURATION,,CONFIGURATION,MEDIUM,NEW_IN_REAL
193,Session Id,1,session_id,SESSION,IDENTIFIER,,SESSION_OBSERVATION,MEDIUM,NEW_IN_REAL
194,Session Output Voltage,1,session_output_voltage,SESSION,SESSION_ATTRIBUTE,V,SESSION_OBSERVATION,HIGH,NEW_IN_REAL
195,Session Output Current,1,session_output_current,SESSION,SESSION_ATTRIBUTE,A,SESSION_OBSERVATION,HIGH,NEW_IN_REAL
196,Session Demand Voltage,1,session_demand_voltage,SESSION,SESSION_ATTRIBUTE,V,SESSION_OBSERVATION,HIGH,EXACT_EXISTING
197,Session Demand Current,1,session_demand_current,SESSION,SESSION_ATTRIBUTE,A,SESSION_OBSERVATION,HIGH,EXACT_EXISTING
198,DC + Insulation Resistance,1,dc_insulation_resistance,ALARM,ALARM_FLAG,kOhm,ALARM_OBSERVATION,HIGH,NEW_IN_REAL
199,DC - Insulation Resistance,1,dc_insulation_resistance,ALARM,ALARM_FLAG,kOhm,ALARM_OBSERVATION,HIGH,NEW_IN_REAL
200,Last Insulation Test Status,1,last_insulation_test_status,ALARM,ALARM_FLAG,,ALARM_OBSERVATION,HIGH,NEW_IN_REAL
201,Session Start Energy,1,session_start_energy,SESSION,CONTINUOUS_TELEMETRY,kWh,SESSION_OBSERVATION,MEDIUM,NEW_IN_REAL
202,Session Consumed Energy,1,session_consumed_energy,SESSION,CONTINUOUS_TELEMETRY,kWh,SESSION_OBSERVATION,MEDIUM,NEW_IN_REAL
203,Start Soc,1,start_soc,SESSION,CONTINUOUS_TELEMETRY,%,SESSION_OBSERVATION,MEDIUM,NEW_IN_REAL
204,Stop Soc,1,stop_soc,SESSION,CONTINUOUS_TELEMETRY,%,SESSION_OBSERVATION,MEDIUM,NEW_IN_REAL
205,Begin Time,1,begin_time,SESSION,TIMESTAMP,s,SESSION_OBSERVATION,MEDIUM,NEW_IN_REAL
206,Charging Time,1,charging_time,CHARGER,TIMESTAMP,s,CHARGER_TELEMETRY,MEDIUM,NEW_IN_REAL
207,Charging Start Method,1,charging_start_method,CONFIGURATION,CONFIGURATION,,CONFIGURATION,CONTEXT,NEW_IN_REAL
208,Charging Mode,1,charging_mode,CONFIGURATION,CONFIGURATION,,CONFIGURATION,CONTEXT,NEW_IN_REAL
209,Last Charge Session Stop Reason,2,last_charge_session_stop_reason,SESSION,STATE,,SESSION_OBSERVATION,LEAKAGE_RISK,EXACT_EXISTING
210,CCS Secc State,1,ccs_secc_state,CONNECTOR,STATE,,CONNECTOR_TELEMETRY,MEDIUM,NEW_IN_REAL
211,CCS Secc Error Code,1,ccs_secc_error_code,CONNECTOR,STATE,,CONNECTOR_TELEMETRY,HIGH,NEW_IN_REAL
212,CCS Ev Error Code,1,ccs_ev_error_code,CONNECTOR,STATE,,CONNECTOR_TELEMETRY,HIGH,NEW_IN_REAL
213,EV Max Voltage Limit,1,ev_max_voltage_limit,CONFIGURATION,CONFIGURATION,V,CONFIGURATION,HIGH,NEW_IN_REAL
214,EV Max Current Limit,1,ev_max_current_limit,CONFIGURATION,CONFIGURATION,A,CONFIGURATION,HIGH,NEW_IN_REAL
215,OCPP Tx Send Status,1,ocpp_tx_send_status,COMMUNICATION,STATE,,COMMUNICATION_OBSERVATION,MEDIUM,NEW_IN_REAL
216,EV Mac ID Info,1,ev_mac_id_info,CHARGER,STATE,,CHARGER_TELEMETRY,MEDIUM,NEW_IN_REAL
217,Calculated Insulation Resistance,1,calculated_insulation_resistance,ALARM,ALARM_FLAG,kOhm,ALARM_OBSERVATION,HIGH,NEW_IN_REAL
218,Gun Output Voltage,1,gun_output_voltage,CONNECTOR,CONTINUOUS_TELEMETRY,V,CONNECTOR_TELEMETRY,HIGH,NEW_IN_REAL
219,SMR Set Voltage,1,smr_set_voltage,SMR,CONTINUOUS_TELEMETRY,V,SMR_TELEMETRY,HIGH,NEW_IN_REAL
220,SMR Set Current,1,smr_set_current,SMR,CONTINUOUS_TELEMETRY,A,SMR_TELEMETRY,HIGH,NEW_IN_REAL
221,SMR Available Current,1,smr_available_current,SMR,CONTINUOUS_TELEMETRY,A,SMR_TELEMETRY,HIGH,NEW_IN_REAL
222,SMR Max Power,1,smr_max_power,SMR,CONTINUOUS_TELEMETRY,kW,SMR_TELEMETRY,HIGH,NEW_IN_REAL
223,GUN CCS Main State at Session stop,1,gun_ccs_main_state_at_session_stop,SESSION,SESSION_ATTRIBUTE,,SESSION_OBSERVATION,MEDIUM,NEW_IN_REAL
224,GUN CCS Sub State at Session stop,1,gun_ccs_sub_state_at_session_stop,SESSION,SESSION_ATTRIBUTE,,SESSION_OBSERVATION,MEDIUM,NEW_IN_REAL
225,DC Contactor Switching Cycle,1,dc_contactor_switching_cycle,CONTACTOR,CONTINUOUS_TELEMETRY,,CONTACTOR_OBSERVATION,MEDIUM,NEW_IN_REAL
226,Gun Insert Counter- Charger Socket,1,gun_insert_counter_charger_socket,SESSION,CONTINUOUS_TELEMETRY,%,SESSION_OBSERVATION,MEDIUM,NEW_IN_REAL
227,Gun Over Temperature Counter,1,gun_over_temperature_counter,CONNECTOR,ALARM_FLAG,degC,CONNECTOR_TELEMETRY,HIGH,NEW_IN_REAL
228,Charging Cycle Count,1,charging_cycle_count,COUNTER,COUNTER,,LIFECYCLE_COUNTERS,MEDIUM,NEW_IN_REAL
229,Gun Placed in Charger Holder,1,gun_placed_in_charger_holder,CONNECTOR,STATE,,CONNECTOR_TELEMETRY,MEDIUM,NEW_IN_REAL
230,SLAC Attenuation,1,slac_attenuation,CHARGER,CONTINUOUS_TELEMETRY,,CHARGER_TELEMETRY,MEDIUM,NEW_IN_REAL
231,Rectifier Number,1,rectifier_number,RECTIFIER,IDENTIFIER,,RECTIFIER_TELEMETRY,CONTEXT,NEW_IN_REAL
232,Rectifier Dc Status,1,rectifier_dc_status,RECTIFIER,STATE,,RECTIFIER_TELEMETRY,MEDIUM,NEW_IN_REAL
233,Rectifier Internal Temp,1,rectifier_internal_temp,RECTIFIER,CONTINUOUS_TELEMETRY,degC,RECTIFIER_TELEMETRY,HIGH,NEW_IN_REAL
234,SMR DcDc Temperature,1,smr_dcdc_temperature,SMR,CONTINUOUS_TELEMETRY,degC,SMR_TELEMETRY,HIGH,NEW_IN_REAL
235,SMR Pfc Temperature,1,smr_pfc_temperature,SMR,CONTINUOUS_TELEMETRY,degC,SMR_TELEMETRY,HIGH,NEW_IN_REAL
236,Rectifier Output Voltage,1,rectifier_output_voltage,RECTIFIER,CONTINUOUS_TELEMETRY,V,RECTIFIER_TELEMETRY,HIGH,NEW_IN_REAL
237,Rectifier Output Current,1,rectifier_output_current,RECTIFIER,CONTINUOUS_TELEMETRY,A,RECTIFIER_TELEMETRY,HIGH,NEW_IN_REAL
238,Rectifier Available Max Voltage,1,rectifier_available_max_voltage,RECTIFIER,CONTINUOUS_TELEMETRY,V,RECTIFIER_TELEMETRY,HIGH,NEW_IN_REAL
239,Rectifier Available Max Current,1,rectifier_available_max_current,RECTIFIER,CONTINUOUS_TELEMETRY,A,RECTIFIER_TELEMETRY,HIGH,NEW_IN_REAL
240,Rectifier Available MaxPower,1,rectifier_available_maxpower,RECTIFIER,CONTINUOUS_TELEMETRY,kW,RECTIFIER_TELEMETRY,HIGH,NEW_IN_REAL
241,SMR Hardware Ver,1,smr_hardware_ver,SMR,STATE,,SMR_TELEMETRY,MEDIUM,NEW_IN_REAL
242,SMR Soft Ver,1,smr_soft_ver,SMR,STATE,,SMR_TELEMETRY,MEDIUM,NEW_IN_REAL
243,Rectifier Output Short,1,rectifier_output_short,RECTIFIER,STATE,,RECTIFIER_TELEMETRY,MEDIUM,NEW_IN_REAL
244,Inner Comm Interrupt,1,inner_comm_interrupt,COMMUNICATION,ALARM_FLAG,,ALARM_OBSERVATION,HIGH,NEW_IN_REAL
245,PFC Side Abnormal,1,pfc_side_abnormal,SMR,IDENTIFIER,,SMR_TELEMETRY,CONTEXT,NEW_IN_REAL
246,Discharge Abnormal,1,discharge_abnormal,CHARGER,STATE,,CHARGER_TELEMETRY,MEDIUM,NEW_IN_REAL
247,DC Side Is Off,1,dc_side_is_off,CHARGER,STATE,,CHARGER_TELEMETRY,MEDIUM,NEW_IN_REAL
248,MDL Fault,1,mdl_fault,SMR,ALARM_FLAG,,SMR_TELEMETRY,HIGH,NEW_IN_REAL
249,MDL Protect,1,mdl_protect,SMR,STATE,,SMR_TELEMETRY,MEDIUM,NEW_IN_REAL
250,Fan Fault,1,fan_fault,ALARM,ALARM_FLAG,,ALARM_OBSERVATION,HIGH,NEW_IN_REAL
251,Over Temperature,1,over_temperature,CHARGER,STATE,degC,CHARGER_TELEMETRY,HIGH,NEW_IN_REAL
252,Output Over Voltage,1,output_over_voltage,CHARGER,STATE,V,CHARGER_TELEMETRY,HIGH,NEW_IN_REAL
253,Walk In Enabled,1,walk_in_enabled,CHARGER,STATE,,CHARGER_TELEMETRY,MEDIUM,NEW_IN_REAL
254,CAN Communication Interrupt,1,can_communication_interrupt,COMMUNICATION,ALARM_FLAG,,ALARM_OBSERVATION,MEDIUM,NEW_IN_REAL
255,Power Limit,1,power_limit,CONFIGURATION,CONFIGURATION,kW,CONFIGURATION,HIGH,NEW_IN_REAL
256,MDL Id Repetition,1,mdl_id_repetition,SMR,IDENTIFIER,,SMR_TELEMETRY,CONTEXT,NEW_IN_REAL
257,Load Sharing,1,load_sharing,CHARGER,STATE,,CHARGER_TELEMETRY,MEDIUM,NEW_IN_REAL
258,Input Phase Loss,1,input_phase_loss,CHARGER,STATE,,CHARGER_TELEMETRY,MEDIUM,NEW_IN_REAL
259,Input Unbalance,1,input_unbalance,CHARGER,STATE,,CHARGER_TELEMETRY,HIGH,NEW_IN_REAL
260,Input Under Voltage,1,input_under_voltage,CHARGER,STATE,V,CHARGER_TELEMETRY,HIGH,NEW_IN_REAL
261,Input Over Voltage,1,input_over_voltage,CHARGER,STATE,V,CHARGER_TELEMETRY,HIGH,NEW_IN_REAL
262,PFC Side Is Off,1,pfc_side_is_off,SMR,IDENTIFIER,,SMR_TELEMETRY,CONTEXT,NEW_IN_REAL
263,Fuse Burn Out,1,fuse_burn_out,CHARGER,STATE,,CHARGER_TELEMETRY,LOW,NEW_IN_REAL
264,PFC DCDC Comm Fail,1,pfc_dcdc_comm_fail,COMMUNICATION,ALARM_FLAG,,ALARM_OBSERVATION,MEDIUM,NEW_IN_REAL
265,Bus Unbalanced Voltage,1,bus_unbalanced_voltage,CHARGER,STATE,V,CHARGER_TELEMETRY,HIGH,NEW_IN_REAL
266,Bus Over Voltage,1,bus_over_voltage,CHARGER,STATE,V,CHARGER_TELEMETRY,HIGH,NEW_IN_REAL
267,Bus Voltage Abnormal,1,bus_voltage_abnormal,CHARGER,STATE,V,CHARGER_TELEMETRY,HIGH,NEW_IN_REAL
268,Bus Under Voltage,1,bus_under_voltage,CHARGER,STATE,V,CHARGER_TELEMETRY,HIGH,NEW_IN_REAL
269,Fan At Full Speed,1,fan_at_full_speed,CHARGER,CONTINUOUS_TELEMETRY,RPM,CHARGER_TELEMETRY,LOW,NEW_IN_REAL
270,Output Derating Temp,1,output_derating_temp,CHARGER,STATE,degC,CHARGER_TELEMETRY,HIGH,NEW_IN_REAL
271,Output Derating AC,1,output_derating_ac,CHARGER,STATE,,CHARGER_TELEMETRY,HIGH,NEW_IN_REAL
272,DCDC Eeprom Faults,1,dcdc_eeprom_faults,ALARM,ALARM_FLAG,,ALARM_OBSERVATION,MEDIUM,NEW_IN_REAL
273,PFC Eeprom Faults,1,pfc_eeprom_faults,SMR,ALARM_FLAG,,SMR_TELEMETRY,MEDIUM,NEW_IN_REAL
274,Fan 1 Fail,1,fan_1_fail,CHARGER,ALARM_FLAG,,ALARM_OBSERVATION,HIGH,NEW_IN_REAL
275,Fan 2 Fail,1,fan_2_fail,CHARGER,ALARM_FLAG,,ALARM_OBSERVATION,HIGH,NEW_IN_REAL
276,Fan 3 Fail,1,fan_3_fail,CHARGER,ALARM_FLAG,,ALARM_OBSERVATION,HIGH,NEW_IN_REAL
277,Fan 4 Fail,1,fan_4_fail,CHARGER,ALARM_FLAG,,ALARM_OBSERVATION,HIGH,NEW_IN_REAL
278,Fan 5 Fail,1,fan_5_fail,CHARGER,ALARM_FLAG,,ALARM_OBSERVATION,HIGH,NEW_IN_REAL
279,Fan 6 Fail,1,fan_6_fail,CHARGER,ALARM_FLAG,,ALARM_OBSERVATION,HIGH,NEW_IN_REAL
280,Fan 7 Fail,1,fan_7_fail,CHARGER,ALARM_FLAG,,ALARM_OBSERVATION,HIGH,NEW_IN_REAL
281,Fan 8 Fail,1,fan_8_fail,CHARGER,ALARM_FLAG,,ALARM_OBSERVATION,HIGH,NEW_IN_REAL
282,Fan 9 Fail,1,fan_9_fail,CHARGER,ALARM_FLAG,,ALARM_OBSERVATION,HIGH,NEW_IN_REAL
283,Fan 10 Fail,1,fan_10_fail,CHARGER,ALARM_FLAG,,ALARM_OBSERVATION,HIGH,NEW_IN_REAL
284,Fan 11 Fail,1,fan_11_fail,CHARGER,ALARM_FLAG,,ALARM_OBSERVATION,HIGH,NEW_IN_REAL
285,Fan 12 Fail,1,fan_12_fail,CHARGER,ALARM_FLAG,,ALARM_OBSERVATION,HIGH,NEW_IN_REAL
286,Fan 13 Fail,1,fan_13_fail,CHARGER,ALARM_FLAG,,ALARM_OBSERVATION,HIGH,NEW_IN_REAL
287,Fan 14 Fail,1,fan_14_fail,CHARGER,ALARM_FLAG,,ALARM_OBSERVATION,HIGH,NEW_IN_REAL
288,Fan 15 Fail,1,fan_15_fail,CHARGER,ALARM_FLAG,,ALARM_OBSERVATION,HIGH,NEW_IN_REAL
289,Fan 16 Fail,1,fan_16_fail,CHARGER,ALARM_FLAG,,ALARM_OBSERVATION,HIGH,NEW_IN_REAL
290,Fan 17 Fail,1,fan_17_fail,CHARGER,ALARM_FLAG,,ALARM_OBSERVATION,HIGH,NEW_IN_REAL
291,Fan 18 Fail,1,fan_18_fail,CHARGER,ALARM_FLAG,,ALARM_OBSERVATION,HIGH,NEW_IN_REAL
292,Fan 19 Fail,1,fan_19_fail,CHARGER,ALARM_FLAG,,ALARM_OBSERVATION,HIGH,NEW_IN_REAL
293,Fan 20 Fail,1,fan_20_fail,CHARGER,ALARM_FLAG,,ALARM_OBSERVATION,HIGH,NEW_IN_REAL
294,Fan 21 Fail,1,fan_21_fail,CHARGER,ALARM_FLAG,,ALARM_OBSERVATION,HIGH,NEW_IN_REAL
295,Fan 22 Fail,1,fan_22_fail,CHARGER,ALARM_FLAG,,ALARM_OBSERVATION,HIGH,NEW_IN_REAL
296,Fan 23 Fail,1,fan_23_fail,CHARGER,ALARM_FLAG,,ALARM_OBSERVATION,HIGH,NEW_IN_REAL
297,DC Section Fan Fail,1,dc_section_fan_fail,CHARGER,ALARM_FLAG,,ALARM_OBSERVATION,HIGH,NEW_IN_REAL
298,Smr No.,1,smr_no,SMR,IDENTIFIER,,SMR_TELEMETRY,CONTEXT,NEW_IN_REAL
299,SMR Mapped GUN,1,smr_mapped_gun,SMR,CONTINUOUS_TELEMETRY,,SMR_TELEMETRY,MEDIUM,NEW_IN_REAL
300,SMR GroupId,1,smr_groupid,SMR,IDENTIFIER,,SMR_TELEMETRY,CONTEXT,NEW_IN_REAL
301,SMR OutputVoltage,1,smr_outputvoltage,SMR,CONTINUOUS_TELEMETRY,V,SMR_TELEMETRY,HIGH,NEW_IN_REAL
302,SMR OutputCurrent,1,smr_outputcurrent,SMR,CONTINUOUS_TELEMETRY,A,SMR_TELEMETRY,HIGH,NEW_IN_REAL
303,SMR Output Power,1,smr_output_power,SMR,CONTINUOUS_TELEMETRY,kW,SMR_TELEMETRY,HIGH,NEW_IN_REAL
304,SMR AvailableMaxCurrent,1,smr_availablemaxcurrent,SMR,CONTINUOUS_TELEMETRY,A,SMR_TELEMETRY,HIGH,NEW_IN_REAL
305,SMR AvailableMaxPower,1,smr_availablemaxpower,SMR,CONTINUOUS_TELEMETRY,kW,SMR_TELEMETRY,HIGH,NEW_IN_REAL
306,SMR RectifierDCstatus,1,smr_rectifierdcstatus,SMR,STATE,,SMR_TELEMETRY,MEDIUM,NEW_IN_REAL
307,SMR RectifierinternalTemp,1,smr_rectifierinternaltemp,SMR,CONTINUOUS_TELEMETRY,degC,SMR_TELEMETRY,HIGH,EXACT_EXISTING
308,SMRDCDCTemperature,1,smrdcdctemperature,SMR,CONTINUOUS_TELEMETRY,degC,SMR_TELEMETRY,HIGH,NEW_IN_REAL
309,SMRPFCTemperature,1,smrpfctemperature,SMR,CONTINUOUS_TELEMETRY,degC,SMR_TELEMETRY,HIGH,NEW_IN_REAL
310,SMR AvailableMaxVoltage,1,smr_availablemaxvoltage,SMR,CONTINUOUS_TELEMETRY,V,SMR_TELEMETRY,HIGH,NEW_IN_REAL
311,SMR Rated Maximum Current,1,smr_rated_maximum_current,SMR,CONTINUOUS_TELEMETRY,A,SMR_TELEMETRY,HIGH,NEW_IN_REAL
312,SMR Rated Maximum Power,1,smr_rated_maximum_power,SMR,CONTINUOUS_TELEMETRY,kW,SMR_TELEMETRY,HIGH,NEW_IN_REAL
313,SMRHardwareVer,1,smrhardwarever,SMR,CONTINUOUS_TELEMETRY,,SMR_TELEMETRY,MEDIUM,NEW_IN_REAL
314,SMRSoftVer,1,smrsoftver,SMR,STATE,,SMR_TELEMETRY,MEDIUM,NEW_IN_REAL
315,SMRPFCVer,1,smrpfcver,SMR,CONTINUOUS_TELEMETRY,,SMR_TELEMETRY,MEDIUM,NEW_IN_REAL
316,SMR Line1 Voltage,1,smr_line1_voltage,SMR,CONTINUOUS_TELEMETRY,V,SMR_TELEMETRY,HIGH,NEW_IN_REAL
317,SMR Line2 Voltage,1,smr_line2_voltage,SMR,CONTINUOUS_TELEMETRY,V,SMR_TELEMETRY,HIGH,NEW_IN_REAL
318,SMR Line3 Voltage,1,smr_line3_voltage,SMR,CONTINUOUS_TELEMETRY,V,SMR_TELEMETRY,HIGH,NEW_IN_REAL
319,SMR Rated Minimum Voltage,1,smr_rated_minimum_voltage,SMR,CONTINUOUS_TELEMETRY,V,SMR_TELEMETRY,HIGH,NEW_IN_REAL
320,SMR Rated Maximum Voltage,1,smr_rated_maximum_voltage,SMR,CONTINUOUS_TELEMETRY,V,SMR_TELEMETRY,HIGH,NEW_IN_REAL
321,SMR Fan Speed,1,smr_fan_speed,SMR,CONTINUOUS_TELEMETRY,RPM,SMR_TELEMETRY,MEDIUM,NEW_IN_REAL
322,SMR Output Short,1,smr_output_short,SMR,STATE,,SMR_TELEMETRY,LOW,NEW_IN_REAL
323,SMR Inner Comm Interrupt,1,smr_inner_comm_interrupt,COMMUNICATION,ALARM_FLAG,,ALARM_OBSERVATION,MEDIUM,NEW_IN_REAL
324,SMR PFC Side Abnormal,1,smr_pfc_side_abnormal,SMR,IDENTIFIER,,SMR_TELEMETRY,CONTEXT,NEW_IN_REAL
325,SMR Discharge Abnormal,1,smr_discharge_abnormal,SMR,IDENTIFIER,,SMR_TELEMETRY,CONTEXT,NEW_IN_REAL
326,SMR DC Side is OFF,1,smr_dc_side_is_off,SMR,IDENTIFIER,,SMR_TELEMETRY,CONTEXT,NEW_IN_REAL
327,SMR MDL Fault,1,smr_mdl_fault,SMR,ALARM_FLAG,,SMR_TELEMETRY,HIGH,NEW_IN_REAL
328,SMR MDL Protect,1,smr_mdl_protect,SMR,STATE,,SMR_TELEMETRY,MEDIUM,NEW_IN_REAL
329,SMR Fan Fault,1,smr_fan_fault,SMR,ALARM_FLAG,,SMR_TELEMETRY,MEDIUM,NEW_IN_REAL
330,SMR Over Temperature,1,smr_over_temperature,SMR,CONTINUOUS_TELEMETRY,degC,SMR_TELEMETRY,HIGH,NEW_IN_REAL
331,SMR Output Over Voltage,1,smr_output_over_voltage,SMR,CONTINUOUS_TELEMETRY,V,SMR_TELEMETRY,HIGH,NEW_IN_REAL
332,SMR WALK-IN Enable,1,smr_walk_in_enable,SMR,STATE,,SMR_TELEMETRY,LOW,NEW_IN_REAL
333,SMR CAN Communication Interrupt,1,smr_can_communication_interrupt,COMMUNICATION,ALARM_FLAG,,ALARM_OBSERVATION,MEDIUM,NEW_IN_REAL
334,SMR Power Limit,1,smr_power_limit,CONFIGURATION,CONFIGURATION,kW,CONFIGURATION,HIGH,NEW_IN_REAL
335,SMR DL ID Repetition,1,smr_dl_id_repetition,SMR,IDENTIFIER,,SMR_TELEMETRY,CONTEXT,NEW_IN_REAL
336,SMR Load Sharing,1,smr_load_sharing,SMR,STATE,,SMR_TELEMETRY,LOW,NEW_IN_REAL
337,SMR Input Phase loss,1,smr_input_phase_loss,SMR,STATE,,SMR_TELEMETRY,LOW,NEW_IN_REAL
338,SMR Input Unbalance,1,smr_input_unbalance,SMR,ALARM_FLAG,,SMR_TELEMETRY,MEDIUM,NEW_IN_REAL
339,SMR Input Under Voltage,1,smr_input_under_voltage,SMR,CONTINUOUS_TELEMETRY,V,SMR_TELEMETRY,HIGH,NEW_IN_REAL
340,SMR Input Over Voltage,1,smr_input_over_voltage,SMR,CONTINUOUS_TELEMETRY,V,SMR_TELEMETRY,HIGH,NEW_IN_REAL
341,SMR PFC Side is OFF,1,smr_pfc_side_is_off,SMR,IDENTIFIER,,SMR_TELEMETRY,CONTEXT,NEW_IN_REAL
342,SMR Fuse Burn Out,1,smr_fuse_burn_out,SMR,ALARM_FLAG,,SMR_TELEMETRY,MEDIUM,NEW_IN_REAL
343,SMR PFC DCDC Comm Fail,1,smr_pfc_dcdc_comm_fail,COMMUNICATION,ALARM_FLAG,,ALARM_OBSERVATION,MEDIUM,NEW_IN_REAL
344,SMR Bus Unbalanced Voltage,1,smr_bus_unbalanced_voltage,SMR,ALARM_FLAG,V,SMR_TELEMETRY,MEDIUM,NEW_IN_REAL
345,SMR Bus Over Voltage,1,smr_bus_over_voltage,SMR,CONTINUOUS_TELEMETRY,V,SMR_TELEMETRY,HIGH,NEW_IN_REAL
346,SMR Bus Voltage Abnormal,1,smr_bus_voltage_abnormal,SMR,CONTINUOUS_TELEMETRY,V,SMR_TELEMETRY,HIGH,NEW_IN_REAL
347,SMR Bus Under Voltage,1,smr_bus_under_voltage,SMR,CONTINUOUS_TELEMETRY,V,SMR_TELEMETRY,HIGH,NEW_IN_REAL
348,SMR Fan At Full Speed,1,smr_fan_at_full_speed,SMR,CONTINUOUS_TELEMETRY,RPM,SMR_TELEMETRY,LOW,NEW_IN_REAL
349,SMR Output Derating Temp,1,smr_output_derating_temp,SMR,ALARM_FLAG,degC,SMR_TELEMETRY,MEDIUM,NEW_IN_REAL
350,SMR Output Derating AC,1,smr_output_derating_ac,SMR,ALARM_FLAG,,SMR_TELEMETRY,MEDIUM,NEW_IN_REAL
351,SMR DCDC Eeprom Faults,1,smr_dcdc_eeprom_faults,SMR,ALARM_FLAG,,SMR_TELEMETRY,MEDIUM,NEW_IN_REAL
352,SMR PFC Eeprom Faults,1,smr_pfc_eeprom_faults,SMR,ALARM_FLAG,,SMR_TELEMETRY,MEDIUM,NEW_IN_REAL
353,SMR Module Fail,1,smr_module_fail,SMR,ALARM_FLAG,,SMR_TELEMETRY,HIGH,NEW_IN_REAL
354,SMR Module Comm Fail,1,smr_module_comm_fail,COMMUNICATION,ALARM_FLAG,,ALARM_OBSERVATION,HIGH,NEW_IN_REAL
355,IN_PFC-1,1,in_pfc_1,SMR,STATE,,SMR_TELEMETRY,MEDIUM,NEW_IN_REAL
356,IN_PFC-2,1,in_pfc_2,SMR,STATE,,SMR_TELEMETRY,MEDIUM,NEW_IN_REAL
357,IN_PFC-3,1,in_pfc_3,SMR,STATE,,SMR_TELEMETRY,MEDIUM,NEW_IN_REAL
358,IN_PFC-4,1,in_pfc_4,SMR,STATE,,SMR_TELEMETRY,MEDIUM,NEW_IN_REAL
359,IN_PFC-5,1,in_pfc_5,SMR,STATE,,SMR_TELEMETRY,MEDIUM,NEW_IN_REAL
360,IN_PFC-6,1,in_pfc_6,SMR,STATE,,SMR_TELEMETRY,MEDIUM,NEW_IN_REAL
361,IN_PFC-7,1,in_pfc_7,SMR,STATE,,SMR_TELEMETRY,MEDIUM,NEW_IN_REAL
362,IN_PFC-8,1,in_pfc_8,SMR,STATE,,SMR_TELEMETRY,MEDIUM,NEW_IN_REAL
363,IN_PFC-9,1,in_pfc_9,SMR,STATE,,SMR_TELEMETRY,MEDIUM,NEW_IN_REAL
364,IN_PFC-10,1,in_pfc_10,SMR,STATE,,SMR_TELEMETRY,MEDIUM,NEW_IN_REAL
365,IN_PFC-11,1,in_pfc_11,SMR,STATE,,SMR_TELEMETRY,MEDIUM,NEW_IN_REAL
366,IN_PFC-12,1,in_pfc_12,SMR,STATE,,SMR_TELEMETRY,MEDIUM,NEW_IN_REAL
367,Out_PFC-1,1,out_pfc_1,SMR,STATE,,SMR_TELEMETRY,MEDIUM,NEW_IN_REAL
368,Out_PFC-2,1,out_pfc_2,SMR,STATE,,SMR_TELEMETRY,MEDIUM,NEW_IN_REAL
369,Out_PFC-3,1,out_pfc_3,SMR,STATE,,SMR_TELEMETRY,MEDIUM,NEW_IN_REAL
370,Out_PFC-4,1,out_pfc_4,SMR,STATE,,SMR_TELEMETRY,MEDIUM,NEW_IN_REAL
371,Out_PFC-5,1,out_pfc_5,SMR,STATE,,SMR_TELEMETRY,MEDIUM,NEW_IN_REAL
372,Out_PFC-6,1,out_pfc_6,SMR,STATE,,SMR_TELEMETRY,MEDIUM,NEW_IN_REAL
373,Out_PFC-7,1,out_pfc_7,SMR,STATE,,SMR_TELEMETRY,MEDIUM,NEW_IN_REAL
374,Out_PFC-8,1,out_pfc_8,SMR,STATE,,SMR_TELEMETRY,MEDIUM,NEW_IN_REAL
375,Out_PFC-9,1,out_pfc_9,SMR,STATE,,SMR_TELEMETRY,MEDIUM,NEW_IN_REAL
376,Out_PFC-10,1,out_pfc_10,SMR,STATE,,SMR_TELEMETRY,MEDIUM,NEW_IN_REAL
377,Out_PFC-11,1,out_pfc_11,SMR,STATE,,SMR_TELEMETRY,MEDIUM,NEW_IN_REAL
378,Out_PFC-12,1,out_pfc_12,SMR,STATE,,SMR_TELEMETRY,MEDIUM,NEW_IN_REAL
379,Floating SMR1 Fail,1,floating_smr1_fail,SMR,ALARM_FLAG,,SMR_TELEMETRY,HIGH,NEW_IN_REAL
380,Floating SMR1 Group Fail,1,floating_smr1_group_fail,SMR,ALARM_FLAG,,SMR_TELEMETRY,HIGH,NEW_IN_REAL
381,Floating SMR1 Comm Fail,1,floating_smr1_comm_fail,COMMUNICATION,ALARM_FLAG,,ALARM_OBSERVATION,HIGH,NEW_IN_REAL
382,Floating SMR1 Group Comm Fail,1,floating_smr1_group_comm_fail,COMMUNICATION,ALARM_FLAG,,ALARM_OBSERVATION,HIGH,NEW_IN_REAL
383,Floating SMR2 Fail,1,floating_smr2_fail,SMR,ALARM_FLAG,,SMR_TELEMETRY,HIGH,NEW_IN_REAL
384,Floating SMR2 Group Fail,1,floating_smr2_group_fail,SMR,ALARM_FLAG,,SMR_TELEMETRY,HIGH,NEW_IN_REAL
385,Floating SMR2 Comm Fail,1,floating_smr2_comm_fail,COMMUNICATION,ALARM_FLAG,,ALARM_OBSERVATION,HIGH,NEW_IN_REAL
386,Floating SMR2 Group Comm Fail,1,floating_smr2_group_comm_fail,COMMUNICATION,ALARM_FLAG,,ALARM_OBSERVATION,HIGH,NEW_IN_REAL
387,Floating SMR3 Fail,1,floating_smr3_fail,SMR,ALARM_FLAG,,SMR_TELEMETRY,HIGH,NEW_IN_REAL
388,Floating SMR3 Group Fail,1,floating_smr3_group_fail,SMR,ALARM_FLAG,,SMR_TELEMETRY,HIGH,NEW_IN_REAL
389,Floating SMR3 Comm Fail,1,floating_smr3_comm_fail,COMMUNICATION,ALARM_FLAG,,ALARM_OBSERVATION,HIGH,NEW_IN_REAL
390,Floating SMR3 Group Comm Fail,1,floating_smr3_group_comm_fail,COMMUNICATION,ALARM_FLAG,,ALARM_OBSERVATION,HIGH,NEW_IN_REAL
391,Floating SMR4 Fail,1,floating_smr4_fail,SMR,ALARM_FLAG,,SMR_TELEMETRY,HIGH,NEW_IN_REAL
392,Floating SMR4 Group Fail,1,floating_smr4_group_fail,SMR,ALARM_FLAG,,SMR_TELEMETRY,HIGH,NEW_IN_REAL
393,Floating SMR4 Comm Fail,1,floating_smr4_comm_fail,COMMUNICATION,ALARM_FLAG,,ALARM_OBSERVATION,HIGH,NEW_IN_REAL
394,Floating SMR4 Group Comm Fail,1,floating_smr4_group_comm_fail,COMMUNICATION,ALARM_FLAG,,ALARM_OBSERVATION,HIGH,NEW_IN_REAL
395,AC1 Contactor Status,1,ac1_contactor_status,CONTACTOR,STATE,,CONTACTOR_OBSERVATION,MEDIUM,NEW_IN_REAL
396,AC2 Contactor Status,1,ac2_contactor_status,CONTACTOR,STATE,,CONTACTOR_OBSERVATION,MEDIUM,NEW_IN_REAL
397,AC3 Contactor Status,1,ac3_contactor_status,CONTACTOR,STATE,,CONTACTOR_OBSERVATION,MEDIUM,NEW_IN_REAL
398,AC4 Contactor Status,1,ac4_contactor_status,CONTACTOR,STATE,,CONTACTOR_OBSERVATION,MEDIUM,NEW_IN_REAL
399,AC5 Contactor Status,1,ac5_contactor_status,CONTACTOR,STATE,,CONTACTOR_OBSERVATION,MEDIUM,NEW_IN_REAL
400,AC6 Contactor Status,1,ac6_contactor_status,CONTACTOR,STATE,,CONTACTOR_OBSERVATION,MEDIUM,NEW_IN_REAL
401,AC1 Contactor Cycle Count,1,ac1_contactor_cycle_count,CONTACTOR,CONTINUOUS_TELEMETRY,,CONTACTOR_OBSERVATION,MEDIUM,NEW_IN_REAL
402,AC2 Contactor Cycle Count,1,ac2_contactor_cycle_count,CONTACTOR,CONTINUOUS_TELEMETRY,,CONTACTOR_OBSERVATION,MEDIUM,NEW_IN_REAL
403,AC3 Contactor Cycle Count,1,ac3_contactor_cycle_count,CONTACTOR,CONTINUOUS_TELEMETRY,,CONTACTOR_OBSERVATION,MEDIUM,NEW_IN_REAL
404,AC4 Contactor Cycle Count,1,ac4_contactor_cycle_count,CONTACTOR,CONTINUOUS_TELEMETRY,,CONTACTOR_OBSERVATION,MEDIUM,NEW_IN_REAL
405,AC5 Contactor Cycle Count,1,ac5_contactor_cycle_count,CONTACTOR,CONTINUOUS_TELEMETRY,,CONTACTOR_OBSERVATION,MEDIUM,NEW_IN_REAL
406,AC6 Contactor Cycle Count,1,ac6_contactor_cycle_count,CONTACTOR,CONTINUOUS_TELEMETRY,,CONTACTOR_OBSERVATION,MEDIUM,NEW_IN_REAL
407,AC1 Contactor Fail  Alarm,1,ac1_contactor_fail_alarm,CONTACTOR,ALARM_FLAG,,ALARM_OBSERVATION,HIGH,NEW_IN_REAL
408,AC2 Contactor Fail  Alarm,1,ac2_contactor_fail_alarm,CONTACTOR,ALARM_FLAG,,ALARM_OBSERVATION,HIGH,NEW_IN_REAL
409,AC3 Contactor Fail  Alarm,1,ac3_contactor_fail_alarm,CONTACTOR,ALARM_FLAG,,ALARM_OBSERVATION,HIGH,NEW_IN_REAL
410,AC4 Contactor Fail  Alarm,1,ac4_contactor_fail_alarm,CONTACTOR,ALARM_FLAG,,ALARM_OBSERVATION,HIGH,NEW_IN_REAL
411,AC5 Contactor Fail  Alarm,1,ac5_contactor_fail_alarm,CONTACTOR,ALARM_FLAG,,ALARM_OBSERVATION,HIGH,NEW_IN_REAL
412,AC6 Contactor Fail  Alarm,1,ac6_contactor_fail_alarm,CONTACTOR,ALARM_FLAG,,ALARM_OBSERVATION,HIGH,NEW_IN_REAL
413,AC1 Contactor Welded Alarm,1,ac1_contactor_welded_alarm,CONTACTOR,ALARM_FLAG,,ALARM_OBSERVATION,HIGH,NEW_IN_REAL
414,AC2 Contactor Welded Alarm,1,ac2_contactor_welded_alarm,CONTACTOR,ALARM_FLAG,,ALARM_OBSERVATION,HIGH,NEW_IN_REAL
415,AC3 Contactor Welded Alarm,1,ac3_contactor_welded_alarm,CONTACTOR,ALARM_FLAG,,ALARM_OBSERVATION,HIGH,NEW_IN_REAL
416,AC4 Contactor Welded Alarm,1,ac4_contactor_welded_alarm,CONTACTOR,ALARM_FLAG,,ALARM_OBSERVATION,HIGH,NEW_IN_REAL
417,AC5 Contactor Welded Alarm,1,ac5_contactor_welded_alarm,CONTACTOR,ALARM_FLAG,,ALARM_OBSERVATION,HIGH,NEW_IN_REAL
418,AC6 Contactor Welded Alarm,1,ac6_contactor_welded_alarm,CONTACTOR,ALARM_FLAG,,ALARM_OBSERVATION,HIGH,NEW_IN_REAL
419,DC Merger Contactor (C0) Cycle Count,1,dc_merger_contactor_c0_cycle_count,CONTACTOR,CONTINUOUS_TELEMETRY,,CONTACTOR_OBSERVATION,MEDIUM,NEW_IN_REAL
420,DC Merger Contactor (C1) Cycle Count,1,dc_merger_contactor_c1_cycle_count,CONTACTOR,CONTINUOUS_TELEMETRY,,CONTACTOR_OBSERVATION,MEDIUM,NEW_IN_REAL
421,DC Merger Contactor (C2) Cycle Count,1,dc_merger_contactor_c2_cycle_count,CONTACTOR,CONTINUOUS_TELEMETRY,,CONTACTOR_OBSERVATION,MEDIUM,NEW_IN_REAL
422,DC Merger Contactor (C3) Cycle Count,1,dc_merger_contactor_c3_cycle_count,CONTACTOR,CONTINUOUS_TELEMETRY,,CONTACTOR_OBSERVATION,MEDIUM,NEW_IN_REAL
423,DC Merger Contactor (C4) Cycle Count,1,dc_merger_contactor_c4_cycle_count,CONTACTOR,CONTINUOUS_TELEMETRY,,CONTACTOR_OBSERVATION,MEDIUM,NEW_IN_REAL
424,External Contactor Cycle Count(Ring),1,external_contactor_cycle_count_ring,CONTACTOR,CONTINUOUS_TELEMETRY,,CONTACTOR_OBSERVATION,MEDIUM,NEW_IN_REAL
425,Merger Contactor (C0) Fail Alarm,1,merger_contactor_c0_fail_alarm,CONTACTOR,ALARM_FLAG,,ALARM_OBSERVATION,HIGH,NEW_IN_REAL
426,Merger Contactor (C1) Fail Alarm,1,merger_contactor_c1_fail_alarm,CONTACTOR,ALARM_FLAG,,ALARM_OBSERVATION,HIGH,NEW_IN_REAL
427,Merger Contactor (C2) Fail Alarm,1,merger_contactor_c2_fail_alarm,CONTACTOR,ALARM_FLAG,,ALARM_OBSERVATION,HIGH,NEW_IN_REAL
428,Merger Contactor (C3) Fail Alarm,1,merger_contactor_c3_fail_alarm,CONTACTOR,ALARM_FLAG,,ALARM_OBSERVATION,HIGH,NEW_IN_REAL
429,Merger Contactor (C4) Fail Alarm,1,merger_contactor_c4_fail_alarm,CONTACTOR,ALARM_FLAG,,ALARM_OBSERVATION,HIGH,NEW_IN_REAL
430,External Contactor Fail Alarm(Ring),1,external_contactor_fail_alarm_ring,CONTACTOR,ALARM_FLAG,,ALARM_OBSERVATION,HIGH,NEW_IN_REAL
431,Merger Contactor (C0) Welded Alarm,1,merger_contactor_c0_welded_alarm,CONTACTOR,ALARM_FLAG,,ALARM_OBSERVATION,HIGH,NEW_IN_REAL
432,Merger Contactor (C1) Welded Alarm,1,merger_contactor_c1_welded_alarm,CONTACTOR,ALARM_FLAG,,ALARM_OBSERVATION,HIGH,NEW_IN_REAL
433,Merger Contactor (C2) Welded Alarm,1,merger_contactor_c2_welded_alarm,CONTACTOR,ALARM_FLAG,,ALARM_OBSERVATION,HIGH,NEW_IN_REAL
434,Merger Contactor (C3) Welded Alarm,1,merger_contactor_c3_welded_alarm,CONTACTOR,ALARM_FLAG,,ALARM_OBSERVATION,HIGH,NEW_IN_REAL
435,Merger Contactor (C4) Welded Alarm,1,merger_contactor_c4_welded_alarm,CONTACTOR,ALARM_FLAG,,ALARM_OBSERVATION,HIGH,NEW_IN_REAL
436,C0 Merger Contactor Status,1,c0_merger_contactor_status,CONTACTOR,STATE,,CONTACTOR_OBSERVATION,MEDIUM,NEW_IN_REAL
437,C1 Merger Contactor Status,1,c1_merger_contactor_status,CONTACTOR,STATE,,CONTACTOR_OBSERVATION,MEDIUM,NEW_IN_REAL
438,C2 Merger Contactor Status,1,c2_merger_contactor_status,CONTACTOR,STATE,,CONTACTOR_OBSERVATION,MEDIUM,NEW_IN_REAL
439,C3 Merger Contactor Status,1,c3_merger_contactor_status,CONTACTOR,STATE,,CONTACTOR_OBSERVATION,MEDIUM,NEW_IN_REAL
440,C4 Merger Contactor Status,1,c4_merger_contactor_status,CONTACTOR,STATE,,CONTACTOR_OBSERVATION,MEDIUM,NEW_IN_REAL
441,External Contactor Status,1,external_contactor_status,CONTACTOR,STATE,,CONTACTOR_OBSERVATION,MEDIUM,NEW_IN_REAL
442,BackUp Battery Voltage,1,backup_battery_voltage,BATTERY,CONTINUOUS_TELEMETRY,V,AUXILIARY_POWER,HIGH,NEW_IN_REAL
443,Run Since Power On,1,run_since_power_on,CHARGER,CONTINUOUS_TELEMETRY,kW,CHARGER_TELEMETRY,HIGH,NEW_IN_REAL
444,Ring Current Operating Mode,1,ring_current_operating_mode,CONFIGURATION,CONFIGURATION,A,CONFIGURATION,HIGH,NEW_IN_REAL
445,SMR Fail Count,1,smr_fail_count,SMR,ALARM_FLAG,,SMR_TELEMETRY,HIGH,NEW_IN_REAL
446,SMR Comm Fail Count,1,smr_comm_fail_count,COMMUNICATION,ALARM_FLAG,,ALARM_OBSERVATION,HIGH,NEW_IN_REAL
447,GUNA SMR Fail Count,1,guna_smr_fail_count,SMR,ALARM_FLAG,,SMR_TELEMETRY,MEDIUM,NEW_IN_REAL
448,GUNA SMR Comm Fail Count,1,guna_smr_comm_fail_count,COMMUNICATION,ALARM_FLAG,,ALARM_OBSERVATION,HIGH,NEW_IN_REAL
449,GUNB SMR Fail Count,1,gunb_smr_fail_count,SMR,ALARM_FLAG,,SMR_TELEMETRY,MEDIUM,NEW_IN_REAL
450,GUNB SMR Comm Fail Count,1,gunb_smr_comm_fail_count,COMMUNICATION,ALARM_FLAG,,ALARM_OBSERVATION,HIGH,NEW_IN_REAL
451,FR1 SMR Fail Count,1,fr1_smr_fail_count,SMR,ALARM_FLAG,,SMR_TELEMETRY,MEDIUM,NEW_IN_REAL
452,FR1 SMR Comm Fail Count,1,fr1_smr_comm_fail_count,COMMUNICATION,ALARM_FLAG,,ALARM_OBSERVATION,HIGH,NEW_IN_REAL
453,FR2 SMR Fail Count,1,fr2_smr_fail_count,SMR,ALARM_FLAG,,SMR_TELEMETRY,MEDIUM,NEW_IN_REAL
454,FR2 SMR Comm Fail Count,1,fr2_smr_comm_fail_count,COMMUNICATION,ALARM_FLAG,,ALARM_OBSERVATION,HIGH,NEW_IN_REAL
455,Last Charger Reboot Reason,1,last_charger_reboot_reason,CHARGER,STATE,,CHARGER_TELEMETRY,HIGH,NEW_IN_REAL
