position,alarm_name,occurrence,entity,total_rows,null_count,null_percentage,unique_count,non_normal_count,activation_rate_pct,observed_states
22,Ground resistance value,1,ALARM,10000,1154,11.54,195,1423,14.23,0 (7423); 6.445 (36); 8.399 (36); 25.141 (36); 1.175 (36)
28,CCU Comm Fail,1,COMMUNICATION,10000,0,0.0,2,39,0.39,OK (9961); Fail (39)
29,LED Strip Card Comm Fail,1,COMMUNICATION,10000,0,0.0,2,69,0.69,OK (9931); Fail (69)
30,DCSI Card Comm Fail,1,COMMUNICATION,10000,0,0.0,2,120,1.2,OK (9880); Fail (120)
31,AC Sense Card CommFail,1,COMMUNICATION,10000,0,0.0,2,28,0.28,OK (9972); Fail (28)
32,LED Board Comm Fail,1,COMMUNICATION,10000,0,0.0,2,24,0.24,OK (9976); Fail (24)
34,Modem Comm Fail,1,COMMUNICATION,10000,0,0.0,2,658,6.58,OK (9342); Fail (658)
36,Display Comm Fail,1,COMMUNICATION,10000,0,0.0,2,8,0.08,OK (9992); Fail (8)
37,CMS Comm Fail,1,COMMUNICATION,10000,0,0.0,2,235,2.35,OK (9765); Fail (235)
38,Fan Card Comm Fail,1,COMMUNICATION,10000,0,0.0,2,56,0.56,OK (9944); Fail (56)
39,I/O Card Comm Fail,1,COMMUNICATION,10000,0,0.0,2,32,0.32,OK (9968); Fail (32)
40,Input ACEM Comm Fail,1,COMMUNICATION,10000,0,0.0,2,60,0.6,OK (9940); Fail (60)
41,RTC Clock Drift Warning,1,ALARM,10000,0,0.0,2,287,2.87,OK (9713); Fail (287)
42,RMS Disabled Alarm,1,ALARM,10000,0,0.0,2,10000,100.0,RMS Enable (9986); RMS Disable (14)
43,LEDCard2 Comm Fail,1,COMMUNICATION,10000,0,0.0,2,14,0.14,OK (9986); Fail (14)
81,Grid Fail,1,CHARGER,10000,0,0.0,2,392,3.92,Not alarm (9608); Alarm (392)
82,Class-C SPD Fail,1,CHARGER,10000,0,0.0,2,38,0.38,Not alarm (9962); Alarm (38)
83,NE Voltage High Alarm,1,ALARM,10000,0,0.0,2,48,0.48,Not alarm (9952); Alarm (48)
84,Line 1 Fail,1,CHARGER,10000,0,0.0,2,40,0.4,Not alarm (9960); Alarm (40)
85,Line 2 Fail,1,CHARGER,10000,0,0.0,1,0,0.0,Not alarm (10000)
86,Line 3 Fail,1,CHARGER,10000,0,0.0,2,45,0.45,Not alarm (9955); Alarm (45)
93,Door Open,1,ALARM,10000,0,0.0,2,256,2.56,Not alarm (9744); Alarm (256)
94,Smoke Alarm,1,ALARM,10000,0,0.0,1,0,0.0,Not alarm (10000)
95,Emergency Stop Active,1,ALARM,10000,0,0.0,2,55,0.55,Not alarm (9945); Alarm (55)
97,Input Contactor Fail,1,CONTACTOR,10000,0,0.0,2,2,0.02,Not alarm (9998); Alarm (2)
100,System FAN Fail,1,CHARGER,10000,0,0.0,1,0,0.0,Not alarm (10000)
101,Filter Maintenance Warning,1,ALARM,10000,0,0.0,1,0,0.0,Not alarm (10000)
104,Grid Abnormal,1,CHARGER,10000,0,0.0,1,0,0.0,Not alarm (10000)
106,SD Card Fail,1,CHARGER,10000,0,0.0,1,0,0.0,Not alarm (10000)
107,SD Card Crc Fail,1,CHARGER,10000,0,0.0,1,0,0.0,Not alarm (10000)
108,Input RCBO Tripped,1,ALARM,10000,0,0.0,1,0,0.0,Not alarm (10000)
111,MCCB Tripped,1,ALARM,10000,0,0.0,2,75,0.75,Not alarm (9925); Alarm (75)
112,Class-D SPD Fail Alarm,1,ALARM,10000,0,0.0,2,158,1.58,Not alarm (9842); NA (158)
113,Ground Fault Alarm,1,ALARM,10000,0,0.0,3,166,1.66,Not alarm (9834); NA (158); Alarm (8)
114,HVLV Cut-Off Alarm,1,ALARM,10000,0,0.0,3,190,1.9,Not alarm (9810); NA (158); Alarm (32)
115,Auxillary MCB Trip Alarm,1,ALARM,10000,0,0.0,3,170,1.7,Not alarm (9830); NA (158); Alarm (12)
116,All Rectifier Fail,1,RECTIFIER,10000,0,0.0,2,158,1.58,Not alarm (9842); NA (158)
117,All Rectifier Communication Fail,1,COMMUNICATION,10000,0,0.0,2,158,1.58,Not alarm (9842); NA (158)
119,BackupBatteryLow,1,BATTERY,10000,0,0.0,3,262,2.62,Not alarm (9738); NA (158); Alarm (104)
120,Earth Leakage Sensed Alarm,1,ALARM,10000,0,0.0,3,170,1.7,Not alarm (9830); NA (158); Alarm (12)
121,GMD Comm Fail alarm,1,COMMUNICATION,10000,0,0.0,3,242,2.42,Not alarm (9758); NA (158); Alarm (84)
122,Ring Communication Break,1,COMMUNICATION,10000,0,0.0,3,186,1.86,Not alarm (9814); NA (158); Alarm (28)
123,SIM not inserted Alarm,1,COMMUNICATION,10000,0,0.0,3,886,8.86,Not alarm (9114); Alarm (728); NA (158)
124,Any Rect Fail,1,RECTIFIER,10000,0,0.0,3,225,2.25,Not alarm (9775); NA (158); Alarm (67)
127,Any Rect Comm Fail,1,COMMUNICATION,10000,923,9.23,2,144,1.44,Not alarm (8933); NA (144)
151,Group Rect Fail,1,RECTIFIER,10000,1,0.01,2,2,0.02,Not alarm (9997); Alarm (2)
152,Group Rect Comm Fail,1,COMMUNICATION,10000,1,0.01,2,23,0.23,Not alarm (9976); Alarm (23)
154,Short Circuit,1,ALARM,10000,1,0.01,1,0,0.0,Not alarm (9999)
155,Insulation Comm Fail,1,COMMUNICATION,10000,1,0.01,2,6,0.06,Not alarm (9993); Alarm (6)
156,Last Insulation Test Fail,1,ALARM,10000,1,0.01,2,44,0.44,Not alarm (9955); Alarm (44)
157,Gun Over Temp Warning,1,CONNECTOR,10000,1,0.01,2,6,0.06,Not alarm (9993); Alarm (6)
159,GUNOverTempDC+ Warning,1,CONNECTOR,10000,1,0.01,2,10,0.1,Not alarm (9989); Alarm (10)
160,GUNOverTempDC- Warning,1,CONNECTOR,10000,1,0.01,1,0,0.0,Not alarm (9999)
162,PLC Comm Fail,1,COMMUNICATION,10000,1,0.01,2,105,1.05,Not alarm (9894); Alarm (105)
164,Energy Meter Comm Fail,1,COMMUNICATION,10000,1,0.01,2,49,0.49,Not alarm (9950); Alarm (49)
166,Fuse Fail Alarm,1,ALARM,10000,1,0.01,1,0,0.0,Not alarm (9999)
169,Gun Rect Fail,1,RECTIFIER,10000,1,0.01,1,0,0.0,Not alarm (9999)
170,Gun Rect Comm Fail,1,COMMUNICATION,10000,1,0.01,1,0,0.0,Not alarm (9999)
171,Gun Dc+ Ultra Temp,1,CONNECTOR,10000,1,0.01,2,10,0.1,Not alarm (9989); Alarm (10)
172,Gun Dc- Ultra Temp,1,CONNECTOR,10000,1,0.01,1,0,0.0,Not alarm (9999)
173,Gun Dc Contactor Fail,1,CONTACTOR,10000,1,0.01,1,0,0.0,Not alarm (9999)
179,Gun Not Placed Back Alarm,1,CONNECTOR,10000,2,0.02,2,6,0.06,Not alarm (9992); Alarm (6)
189,AC Fail Alarm,1,ALARM,10000,10000,100.0,0,0,0.0,
191,AC EnergyMeterCommFail,1,COMMUNICATION,10000,10000,100.0,0,0,0.0,
198,DC + Insulation Resistance,1,ALARM,10000,67,0.67,1080,4053,40.53,0 (5880); 650 (513); 648 (124); 500 (37); 247809 (16)
199,DC - Insulation Resistance,1,ALARM,10000,67,0.67,1103,4061,40.61,0 (5872); 650 (601); 500 (37); 648 (34); 253879 (12)
200,Last Insulation Test Status,1,ALARM,10000,67,0.67,2,9933,99.33,Pass (9844); Fail (89)
217,Calculated Insulation Resistance,1,ALARM,10000,5901,59.01,80,2735,27.35,0 (1364); 46500 (409); 70100 (204); 70000 (184); 69400 (168)
227,Gun Over Temperature Counter,1,CONNECTOR,10000,4947,49.47,92,1407,14.07,0 (3646); 1 (255); 2 (155); 3 (76); 5 (52)
244,Inner Comm Interrupt,1,COMMUNICATION,10000,4184,41.84,2,45,0.45,Not alarm (5771); Alarm (45)
248,MDL Fault,1,SMR,10000,4184,41.84,2,12,0.12,Not alarm (5804); Alarm (12)
250,Fan Fault,1,ALARM,10000,4184,41.84,2,3,0.03,Not alarm (5813); Alarm (3)
254,CAN Communication Interrupt,1,COMMUNICATION,10000,4184,41.84,1,0,0.0,Not alarm (5816)
264,PFC DCDC Comm Fail,1,COMMUNICATION,10000,4189,41.89,1,0,0.0,Not alarm (5811)
272,DCDC Eeprom Faults,1,ALARM,10000,4189,41.89,1,0,0.0,Not alarm (5811)
273,PFC Eeprom Faults,1,SMR,10000,4189,41.89,1,0,0.0,Not alarm (5811)
274,Fan 1 Fail,1,CHARGER,10000,0,0.0,3,33,0.33,Not alarm (9967); NA (19); Alarm (14)
275,Fan 2 Fail,1,CHARGER,10000,0,0.0,3,21,0.21,Not alarm (9979); NA (19); Alarm (2)
276,Fan 3 Fail,1,CHARGER,10000,0,0.0,3,31,0.31,Not alarm (9969); NA (19); Alarm (12)
277,Fan 4 Fail,1,CHARGER,10000,0,0.0,2,19,0.19,Not alarm (9981); NA (19)
278,Fan 5 Fail,1,CHARGER,10000,0,0.0,2,19,0.19,Not alarm (9981); NA (19)
279,Fan 6 Fail,1,CHARGER,10000,0,0.0,3,27,0.27,Not alarm (9973); NA (19); Alarm (8)
280,Fan 7 Fail,1,CHARGER,10000,0,0.0,3,21,0.21,Not alarm (9979); NA (19); Alarm (2)
281,Fan 8 Fail,1,CHARGER,10000,0,0.0,2,19,0.19,Not alarm (9981); NA (19)
282,Fan 9 Fail,1,CHARGER,10000,0,0.0,3,27,0.27,Not alarm (9973); NA (19); Alarm (8)
283,Fan 10 Fail,1,CHARGER,10000,0,0.0,3,35,0.35,Not alarm (9965); NA (19); Alarm (16)
284,Fan 11 Fail,1,CHARGER,10000,0,0.0,3,27,0.27,Not alarm (9973); NA (19); Alarm (8)
285,Fan 12 Fail,1,CHARGER,10000,0,0.0,3,31,0.31,Not alarm (9969); NA (19); Alarm (12)
286,Fan 13 Fail,1,CHARGER,10000,0,0.0,3,37,0.37,Not alarm (9963); NA (19); Alarm (18)
287,Fan 14 Fail,1,CHARGER,10000,0,0.0,3,37,0.37,Not alarm (9963); NA (19); Alarm (18)
288,Fan 15 Fail,1,CHARGER,10000,0,0.0,3,37,0.37,Not alarm (9963); NA (19); Alarm (18)
289,Fan 16 Fail,1,CHARGER,10000,0,0.0,3,43,0.43,Not alarm (9957); Alarm (24); NA (19)
290,Fan 17 Fail,1,CHARGER,10000,0,0.0,3,43,0.43,Not alarm (9957); Alarm (24); NA (19)
291,Fan 18 Fail,1,CHARGER,10000,0,0.0,3,67,0.67,Not alarm (9933); Alarm (48); NA (19)
292,Fan 19 Fail,1,CHARGER,10000,0,0.0,2,19,0.19,Not alarm (9981); NA (19)
293,Fan 20 Fail,1,CHARGER,10000,0,0.0,2,19,0.19,Not alarm (9981); NA (19)
294,Fan 21 Fail,1,CHARGER,10000,0,0.0,2,19,0.19,Not alarm (9981); NA (19)
295,Fan 22 Fail,1,CHARGER,10000,0,0.0,2,19,0.19,Not alarm (9981); NA (19)
296,Fan 23 Fail,1,CHARGER,10000,0,0.0,2,19,0.19,Not alarm (9981); NA (19)
297,DC Section Fan Fail,1,CHARGER,10000,0,0.0,3,27,0.27,Not alarm (9973); NA (19); Alarm (8)
323,SMR Inner Comm Interrupt,1,COMMUNICATION,10000,4737,47.37,1,0,0.0,Not alarm (5263)
327,SMR MDL Fault,1,SMR,10000,4737,47.37,2,6,0.06,Not alarm (5257); Alarm (6)
329,SMR Fan Fault,1,SMR,10000,4737,47.37,1,0,0.0,Not alarm (5263)
333,SMR CAN Communication Interrupt,1,COMMUNICATION,10000,4737,47.37,1,0,0.0,Not alarm (5263)
338,SMR Input Unbalance,1,SMR,10000,4737,47.37,1,0,0.0,Not alarm (5263)
342,SMR Fuse Burn Out,1,SMR,10000,4737,47.37,1,0,0.0,Not alarm (5263)
343,SMR PFC DCDC Comm Fail,1,COMMUNICATION,10000,4737,47.37,1,0,0.0,Not alarm (5263)
344,SMR Bus Unbalanced Voltage,1,SMR,10000,4737,47.37,1,0,0.0,Not alarm (5263)
349,SMR Output Derating Temp,1,SMR,10000,4737,47.37,1,0,0.0,Not alarm (5263)
350,SMR Output Derating AC,1,SMR,10000,4737,47.37,1,0,0.0,Not alarm (5263)
351,SMR DCDC Eeprom Faults,1,SMR,10000,4737,47.37,1,0,0.0,Not alarm (5263)
352,SMR PFC Eeprom Faults,1,SMR,10000,4737,47.37,1,0,0.0,Not alarm (5263)
353,SMR Module Fail,1,SMR,10000,4737,47.37,2,1706,17.06,Normal (3557); NA (1706)
354,SMR Module Comm Fail,1,COMMUNICATION,10000,4737,47.37,3,1837,18.37,Normal (3426); NA (1706); Abnormal (131)
379,Floating SMR1 Fail,1,SMR,10000,0,0.0,2,5812,58.12,NA (5812); Not alarm (4188)
380,Floating SMR1 Group Fail,1,SMR,10000,0,0.0,2,5812,58.12,NA (5812); Not alarm (4188)
381,Floating SMR1 Comm Fail,1,COMMUNICATION,10000,0,0.0,2,5812,58.12,NA (5812); Not alarm (4188)
382,Floating SMR1 Group Comm Fail,1,COMMUNICATION,10000,0,0.0,3,5856,58.56,NA (5812); Not alarm (4144); Alarm (44)
383,Floating SMR2 Fail,1,SMR,10000,0,0.0,2,5812,58.12,NA (5812); Not alarm (4188)
384,Floating SMR2 Group Fail,1,SMR,10000,0,0.0,2,5812,58.12,NA (5812); Not alarm (4188)
385,Floating SMR2 Comm Fail,1,COMMUNICATION,10000,0,0.0,2,5812,58.12,NA (5812); Not alarm (4188)
386,Floating SMR2 Group Comm Fail,1,COMMUNICATION,10000,0,0.0,3,5836,58.36,NA (5812); Not alarm (4164); Alarm (24)
387,Floating SMR3 Fail,1,SMR,10000,0,0.0,2,5812,58.12,NA (5812); Not alarm (4188)
388,Floating SMR3 Group Fail,1,SMR,10000,0,0.0,2,5812,58.12,NA (5812); Not alarm (4188)
389,Floating SMR3 Comm Fail,1,COMMUNICATION,10000,0,0.0,2,5812,58.12,NA (5812); Not alarm (4188)
390,Floating SMR3 Group Comm Fail,1,COMMUNICATION,10000,0,0.0,3,5860,58.6,NA (5812); Not alarm (4140); Alarm (48)
391,Floating SMR4 Fail,1,SMR,10000,0,0.0,2,5812,58.12,NA (5812); Not alarm (4188)
392,Floating SMR4 Group Fail,1,SMR,10000,0,0.0,2,5812,58.12,NA (5812); Not alarm (4188)
393,Floating SMR4 Comm Fail,1,COMMUNICATION,10000,0,0.0,2,5812,58.12,NA (5812); Not alarm (4188)
394,Floating SMR4 Group Comm Fail,1,COMMUNICATION,10000,0,0.0,3,5872,58.72,NA (5812); Not alarm (4128); Alarm (60)
407,AC1 Contactor Fail  Alarm,1,CONTACTOR,10000,0,0.0,3,5923,59.23,NA (5911); Not alarm (4077); Alarm (12)
408,AC2 Contactor Fail  Alarm,1,CONTACTOR,10000,0,0.0,3,5931,59.31,NA (5911); Not alarm (4069); Alarm (20)
409,AC3 Contactor Fail  Alarm,1,CONTACTOR,10000,0,0.0,3,5931,59.31,NA (5911); Not alarm (4069); Alarm (20)
410,AC4 Contactor Fail  Alarm,1,CONTACTOR,10000,0,0.0,3,5923,59.23,NA (5911); Not alarm (4077); Alarm (12)
411,AC5 Contactor Fail  Alarm,1,CONTACTOR,10000,0,0.0,3,5919,59.19,NA (5911); Not alarm (4081); Alarm (8)
412,AC6 Contactor Fail  Alarm,1,CONTACTOR,10000,0,0.0,3,5959,59.59,NA (5911); Not alarm (4041); Alarm (48)
413,AC1 Contactor Welded Alarm,1,CONTACTOR,10000,0,0.0,2,6534,65.34,NA (6534); Not alarm (3466)
414,AC2 Contactor Welded Alarm,1,CONTACTOR,10000,0,0.0,2,6534,65.34,NA (6534); Not alarm (3466)
415,AC3 Contactor Welded Alarm,1,CONTACTOR,10000,0,0.0,2,6534,65.34,NA (6534); Not alarm (3466)
416,AC4 Contactor Welded Alarm,1,CONTACTOR,10000,0,0.0,2,6534,65.34,NA (6534); Not alarm (3466)
417,AC5 Contactor Welded Alarm,1,CONTACTOR,10000,0,0.0,2,6534,65.34,NA (6534); Not alarm (3466)
418,AC6 Contactor Welded Alarm,1,CONTACTOR,10000,0,0.0,2,6534,65.34,NA (6534); Not alarm (3466)
425,Merger Contactor (C0) Fail Alarm,1,CONTACTOR,10000,0,0.0,3,5923,59.23,NA (5911); Not alarm (4077); Alarm (12)
426,Merger Contactor (C1) Fail Alarm,1,CONTACTOR,10000,0,0.0,3,5931,59.31,NA (5911); Not alarm (4069); Alarm (20)
427,Merger Contactor (C2) Fail Alarm,1,CONTACTOR,10000,0,0.0,2,5911,59.11,NA (5911); Not alarm (4089)
428,Merger Contactor (C3) Fail Alarm,1,CONTACTOR,10000,0,0.0,2,5911,59.11,NA (5911); Not alarm (4089)
429,Merger Contactor (C4) Fail Alarm,1,CONTACTOR,10000,0,0.0,3,5923,59.23,NA (5911); Not alarm (4077); Alarm (12)
430,External Contactor Fail Alarm(Ring),1,CONTACTOR,10000,0,0.0,2,5911,59.11,NA (5911); Not alarm (4089)
431,Merger Contactor (C0) Welded Alarm,1,CONTACTOR,10000,0,0.0,2,6534,65.34,NA (6534); Not alarm (3466)
432,Merger Contactor (C1) Welded Alarm,1,CONTACTOR,10000,0,0.0,3,6546,65.46,NA (6534); Not alarm (3454); Alarm (12)
433,Merger Contactor (C2) Welded Alarm,1,CONTACTOR,10000,0,0.0,2,6534,65.34,NA (6534); Not alarm (3466)
434,Merger Contactor (C3) Welded Alarm,1,CONTACTOR,10000,0,0.0,3,6546,65.46,NA (6534); Not alarm (3454); Alarm (12)
435,Merger Contactor (C4) Welded Alarm,1,CONTACTOR,10000,0,0.0,3,6546,65.46,NA (6534); Not alarm (3454); Alarm (12)
445,SMR Fail Count,1,SMR,10000,8108,81.08,2,36,0.36,0 (1856); 1 (36)
446,SMR Comm Fail Count,1,COMMUNICATION,10000,8108,81.08,4,47,0.47,0 (1845); 1 (35); 2 (8); 4 (4)
447,GUNA SMR Fail Count,1,SMR,10000,9899,98.99,1,0,0.0,0 (101)
448,GUNA SMR Comm Fail Count,1,COMMUNICATION,10000,9899,98.99,2,67,0.67,1 (67); 0 (34)
449,GUNB SMR Fail Count,1,SMR,10000,9899,98.99,1,0,0.0,0 (101)
450,GUNB SMR Comm Fail Count,1,COMMUNICATION,10000,9899,98.99,2,60,0.6,1 (60); 0 (41)
451,FR1 SMR Fail Count,1,SMR,10000,9899,98.99,1,0,0.0,0 (101)
452,FR1 SMR Comm Fail Count,1,COMMUNICATION,10000,9899,98.99,2,44,0.44,0 (57); 1 (44)
453,FR2 SMR Fail Count,1,SMR,10000,9899,98.99,1,0,0.0,0 (101)
454,FR2 SMR Comm Fail Count,1,COMMUNICATION,10000,9899,98.99,2,44,0.44,0 (57); 1 (44)
