position,source_name,source_occurrence,canonical_name,entity,field_class,data_type,unit,null_count,null_percentage,unique_count,variability_class,min,max,mean,median,std,P01,P05,P25,P50,P75,P95,P99,zero_count,negative_count,sentinel_hits,top_values
0,Charger Id,1,charger_id,CHARGER,IDENTIFIER,STRING,,0,0.0,2252,HIGH_VARIABILITY,,,,,,,,,,,,,0,0,,D92210439000001 (64); DD2410537090002 (36); D32510547450019 (36); DD2410536190001 (36); D32510547450027 (36)
1,OCPP Id,1,ocpp_id,COMMUNICATION,IDENTIFIER,STRING,,48,0.48,2103,HIGH_VARIABILITY,,,,,,,,,,,,,0,0,"{"" "": 8}",PRODEVSE003 (276); PRODEVSE004 (128); Exicom (80); KA0213 (64); CSEXI02 (63)
2,Charging Station,1,charging_station,SITE,IDENTIFIER,STRING,,0,0.0,686,VARIABLE,,,,,,,,,,,,,0,0,,Charge Zone (1455); JBM (1323); Undefined Customer (912); Zeon (903); Fortum (397)
3,Logged At Time,1,logged_at_time,CHARGER,TIMESTAMP,STRING,s,0,0.0,700,VARIABLE,,,,,,,,,,,,,0,0,,16-09-2026 22:35:42 (142); 16-09-2026 22:35:16 (132); 16-09-2026 22:34:01 (129); 16-09-2026 22:35:47 (125); 16-09-2026 22:35:48 (124)
4,L1-N Voltage,1,l1_n_voltage,CHARGER,CONTINUOUS_TELEMETRY,NUMERIC,V,271,2.71,61,VARIABLE,0.0,275.0,190.573,241.0,100.738,0.0,0.0,228.0,241.0,248.0,257.0,262.0,2064,0,,0 (2064); 243 (480); 241 (422); 244 (396); 247 (364)
5,L2-N Voltage,1,l2_n_voltage,CHARGER,CONTINUOUS_TELEMETRY,NUMERIC,V,271,2.71,67,VARIABLE,0.0,277.0,190.752,241.0,100.829,0.0,0.0,228.0,241.0,248.0,257.0,261.0,2042,0,,0 (2042); 248 (405); 244 (404); 246 (359); 242 (357)
6,L3-N Voltage,1,l3_n_voltage,CHARGER,CONTINUOUS_TELEMETRY,NUMERIC,V,271,2.71,63,VARIABLE,0.0,277.0,190.624,241.0,100.903,0.0,0.0,228.0,241.0,248.0,258.0,263.0,2092,0,,0 (2092); 247 (462); 248 (451); 241 (409); 245 (380)
7,Neutral Voltage,1,neutral_voltage,CHARGER,CONTINUOUS_TELEMETRY,NUMERIC,V,271,2.71,80,VARIABLE,0.0,174.7,1.032,0.0,6.955,0.0,0.0,0.0,0.0,0.9,2.5,5.8,5156,0,,0 (5156); 0.6 (470); 0.7 (397); 0.5 (360); 0.8 (353)
8,Line 1 Input Current,1,line_1_input_current,CHARGER,CONTINUOUS_TELEMETRY,NUMERIC,A,352,3.52,133,VARIABLE,0.0,368.42,10.157,0.0,44.861,0.0,0.0,0.0,0.0,0.64,64.62,251.93,6887,0,,0 (6887); 0.64 (163); 0.65 (152); 0.66 (134); 0.63 (126)
9,Line 2 Input Current,1,line_2_input_current,CHARGER,CONTINUOUS_TELEMETRY,NUMERIC,A,352,3.52,89,VARIABLE,0.0,366.61,9.798,0.0,44.268,0.0,0.0,0.0,0.0,0.0,63.28,250.8,8790,0,,0 (8790); 1.41 (16); 142.39 (12); 158.1 (12); 127.07 (12)
10,Line 3 Input Current,1,line_3_input_current,CHARGER,CONTINUOUS_TELEMETRY,NUMERIC,A,352,3.52,88,VARIABLE,0.0,364.76,9.846,0.0,44.449,0.0,0.0,0.0,0.0,0.0,63.43,251.6,8800,0,,0 (8800); 144.44 (12); 234.61 (12); 253.76 (12); 170.08 (12)
11,Frequency,1,frequency,CHARGER,CONTINUOUS_TELEMETRY,NUMERIC,Hz,352,3.52,4,LOW_VARIABILITY,0.0,50.0,14.068,0.0,22.206,0.0,0.0,0.0,0.0,49.0,49.0,50.0,6881,0,,0 (6881); 49 (2434); 50 (329); 4 (4)
12,Power Factor,1,power_factor,CHARGER,CONTINUOUS_TELEMETRY,NUMERIC,kW,352,3.52,44,VARIABLE,-0.49,1.08,0.14,0.0,0.273,0.0,0.0,0.0,0.0,0.33,0.99,1.0,6909,16,,0 (6909); 1 (380); 0.36 (324); 0.34 (216); 0.37 (209)
13,Active Power,1,active_power,CHARGER,CONTINUOUS_TELEMETRY,NUMERIC,kW,352,3.52,80,VARIABLE,-0.07,256.36,6.984,0.0,31.906,0.0,0.0,0.0,0.0,0.05,46.37,183.49,6923,12,,0 (6923); 0.07 (584); 0.06 (495); 0.05 (436); 0.08 (320)
14,AC Contactor Status,1,ac_contactor_status,CONTACTOR,STATE,STRING,,4235,42.35,2,LOW_VARIABILITY,,,,,,,,,,,,,0,0,,On (3237); Off (2528)
15,L1-L2 Voltage,1,l1_l2_voltage,CHARGER,CONTINUOUS_TELEMETRY,NUMERIC,V,6003,60.03,68,VARIABLE,0.0,456.0,291.032,414.0,195.349,0.0,0.0,0.0,414.0,429.0,442.0,450.0,1230,0,,0 (1230); 432 (164); 416 (124); 413 (120); 424 (120)
16,L2-L3 Voltage,1,l2_l3_voltage,CHARGER,CONTINUOUS_TELEMETRY,NUMERIC,V,6003,60.03,69,VARIABLE,0.0,455.0,292.145,414.0,195.208,0.0,0.0,0.0,414.0,429.0,442.0,450.0,1230,0,,0 (1230); 429 (213); 414 (142); 413 (110); 430 (104)
17,L3-L1 Voltage,1,l3_l1_voltage,CHARGER,CONTINUOUS_TELEMETRY,NUMERIC,V,6003,60.03,64,VARIABLE,0.0,459.0,291.728,414.0,195.0,0.0,0.0,0.0,414.0,427.0,442.0,453.0,1230,0,,0 (1230); 427 (157); 415 (144); 428 (124); 423 (116)
18,Reactive Power,1,reactive_power,CHARGER,CONTINUOUS_TELEMETRY,NUMERIC,kW,6003,60.03,100,VARIABLE,-22.02,16.22,-1.676,-0.15,4.277,-19.88,-12.49,-0.19,-0.15,0.0,0.0,0.0,1232,2733,,0 (1232); -0.15 (501); -0.17 (328); -0.16 (298); -0.18 (268)
19,Active Energy,1,active_energy,CHARGER,CONTINUOUS_TELEMETRY,NUMERIC,kWh,6003,60.03,270,VARIABLE,0.0,2000097664.0,185004082.206,2744.49,508031997.173,0.0,0.0,0.0,2744.49,38547.56,2000002432.0,2000065920.0,1338,0,,0 (1338); 404.95 (20); 869.07 (20); 66.7 (20); 44.62 (13)
20,Reactive Energy,1,reactive_energy,CHARGER,CONTINUOUS_TELEMETRY,NUMERIC,kWh,6003,60.03,278,VARIABLE,0.0,21079700.0,38045.611,719.84,689632.049,0.0,0.0,0.0,719.84,5581.22,24454.74,45150.54,1236,0,,0 (1236); 95.94 (20); 8.2 (20); 135.66 (20); 78.29 (13)
21,Apparent Energy,1,apparent_energy,CHARGER,CONTINUOUS_TELEMETRY,NUMERIC,kWh,6003,60.03,270,VARIABLE,0.0,2000096256.0,181128804.496,3175.61,498996038.608,0.0,0.0,0.0,3175.61,39376.56,2000001792.0,2000060544.0,1338,0,,0 (1338); 474.56 (20); 940.82 (20); 73.33 (20); 100.36 (13)
22,Ground resistance value,1,ground_resistance_value,ALARM,ALARM_FLAG,NUMERIC,kOhm,1154,11.54,195,VARIABLE,0.0,260.689,1.836,0.0,8.159,0.0,0.0,0.0,0.0,0.0,12.19,27.87,7423,0,,0 (7423); 6.445 (36); 8.399 (36); 25.141 (36); 1.175 (36)
23,L1-N Voltage(Meter),1,l1_n_voltage_meter,CHARGER,CONTINUOUS_TELEMETRY,NUMERIC,V,9944,99.44,4,LOW_VARIABILITY,0.0,239.0,57.536,0.0,100.597,0.0,0.0,0.0,0.0,0.0,239.0,239.0,42,0,,0 (42); 227 (8); 239 (4); 225 (2)
24,L2-N Voltage(Meter),1,l2_n_voltage_meter,CHARGER,CONTINUOUS_TELEMETRY,NUMERIC,V,9944,99.44,5,LOW_VARIABILITY,0.0,240.0,74.679,0.0,109.55,0.0,0.0,0.0,0.0,227.0,240.0,240.0,38,0,,0 (38); 227 (8); 239 (4); 240 (4); 225 (2)
25,L3-N Voltage(Meter),1,l3_n_voltage_meter,CHARGER,CONTINUOUS_TELEMETRY,NUMERIC,V,9944,99.44,4,LOW_VARIABILITY,0.0,240.0,57.607,0.0,100.728,0.0,0.0,0.0,0.0,0.0,240.0,240.0,42,0,,0 (42); 227 (8); 240 (4); 225 (2)
26,Grid Status,1,grid_status,CHARGER,STATE,STRING,,1996,19.96,2,NEAR_CONSTANT,,,,,,,,,,,,,0,0,"{""NA"": 7994}",NA (7994); Normal (10)
27,Apparent Power,1,apparent_power,CHARGER,CONTINUOUS_TELEMETRY,NUMERIC,kW,9990,99.9,1,CONSTANT,0.0,0.0,0.0,0.0,0.0,0.0,0.0,0.0,0.0,0.0,0.0,0.0,10,0,,0 (10)
28,CCU Comm Fail,1,ccu_comm_fail,COMMUNICATION,ALARM_FLAG,STRING,,0,0.0,2,NEAR_CONSTANT,,,,,,,,,,,,,0,0,,OK (9961); Fail (39)
29,LED Strip Card Comm Fail,1,led_strip_card_comm_fail,COMMUNICATION,ALARM_FLAG,STRING,,0,0.0,2,NEAR_CONSTANT,,,,,,,,,,,,,0,0,,OK (9931); Fail (69)
30,DCSI Card Comm Fail,1,dcsi_card_comm_fail,COMMUNICATION,ALARM_FLAG,STRING,,0,0.0,2,LOW_VARIABILITY,,,,,,,,,,,,,0,0,,OK (9880); Fail (120)
31,AC Sense Card CommFail,1,ac_sense_card_commfail,COMMUNICATION,ALARM_FLAG,STRING,,0,0.0,2,NEAR_CONSTANT,,,,,,,,,,,,,0,0,,OK (9972); Fail (28)
32,LED Board Comm Fail,1,led_board_comm_fail,COMMUNICATION,ALARM_FLAG,STRING,,0,0.0,2,NEAR_CONSTANT,,,,,,,,,,,,,0,0,,OK (9976); Fail (24)
33,RFID Reader Comm Fail,1,rfid_reader_comm_fail,COMMUNICATION,IDENTIFIER,STRING,,0,0.0,2,LOW_VARIABILITY,,,,,,,,,,,,,0,0,,OK (9860); Fail (140)
34,Modem Comm Fail,1,modem_comm_fail,COMMUNICATION,ALARM_FLAG,STRING,,0,0.0,2,LOW_VARIABILITY,,,,,,,,,,,,,0,0,,OK (9342); Fail (658)
35,Modem Sim Present,1,modem_sim_present,COMMUNICATION,STATE,STRING,,0,0.0,2,LOW_VARIABILITY,,,,,,,,,,,,,0,0,,OK (7428); Fail (2572)
36,Display Comm Fail,1,display_comm_fail,COMMUNICATION,ALARM_FLAG,STRING,,0,0.0,2,NEAR_CONSTANT,,,,,,,,,,,,,0,0,,OK (9992); Fail (8)
37,CMS Comm Fail,1,cms_comm_fail,COMMUNICATION,ALARM_FLAG,STRING,,0,0.0,2,LOW_VARIABILITY,,,,,,,,,,,,,0,0,,OK (9765); Fail (235)
38,Fan Card Comm Fail,1,fan_card_comm_fail,COMMUNICATION,ALARM_FLAG,STRING,,0,0.0,2,NEAR_CONSTANT,,,,,,,,,,,,,0,0,,OK (9944); Fail (56)
39,I/O Card Comm Fail,1,i_o_card_comm_fail,COMMUNICATION,ALARM_FLAG,STRING,,0,0.0,2,NEAR_CONSTANT,,,,,,,,,,,,,0,0,,OK (9968); Fail (32)
40,Input ACEM Comm Fail,1,input_acem_comm_fail,COMMUNICATION,ALARM_FLAG,STRING,,0,0.0,2,NEAR_CONSTANT,,,,,,,,,,,,,0,0,,OK (9940); Fail (60)
41,RTC Clock Drift Warning,1,rtc_clock_drift_warning,ALARM,ALARM_FLAG,STRING,,0,0.0,2,LOW_VARIABILITY,,,,,,,,,,,,,0,0,,OK (9713); Fail (287)
42,RMS Disabled Alarm,1,rms_disabled_alarm,ALARM,ALARM_FLAG,STRING,,0,0.0,2,NEAR_CONSTANT,,,,,,,,,,,,,0,0,,RMS Enable (9986); RMS Disable (14)
43,LEDCard2 Comm Fail,1,ledcard2_comm_fail,COMMUNICATION,ALARM_FLAG,STRING,,0,0.0,2,NEAR_CONSTANT,,,,,,,,,,,,,0,0,,OK (9986); Fail (14)
44,Modem Signal Intensity,1,modem_signal_intensity,COMMUNICATION,CONTINUOUS_TELEMETRY,NUMERIC,,0,0.0,34,VARIABLE,-109.0,85.0,-63.203,-65.0,21.612,-97.0,-87.0,-75.0,-65.0,-57.0,-51.0,0.0,342,9569,,-51 (1225); -63 (923); -80 (840); -61 (663); -67 (653)
45,RSRP,1,rsrp,COMMUNICATION,CONTINUOUS_TELEMETRY,NUMERIC,,944,9.44,71,VARIABLE,-138.0,0.0,-69.069,-84.0,39.304,-119.0,-112.0,-95.0,-84.0,-65.0,0.0,0.0,2059,6997,,0 (2059); -90 (257); -89 (250); -88 (243); -87 (241)
46,RSRQ,1,rsrq,COMMUNICATION,CONTINUOUS_TELEMETRY,NUMERIC,,944,9.44,19,VARIABLE,-20.0,0.0,-9.137,-10.0,5.635,-19.0,-17.0,-13.0,-10.0,-7.0,0.0,0.0,2059,6997,,0 (2059); -13 (938); -10 (854); -11 (820); -12 (793)
47,Pilot-Upper TCP Interface,1,pilot_upper_tcp_interface,CHARGER,STATE,STRING,,0,0.0,3,LOW_VARIABILITY,,,,,,,,,,,,,0,0,"{""NA"": 5088}",NA (5088); Abnormal (4902); Normal (10)
48,RMS Enable ModifiedBy,1,rms_enable_modifiedby,CHARGER,STATE,STRING,,0,0.0,5,LOW_VARIABILITY,,,,,,,,,,,,,0,0,"{""NA"": 3013}",Not Changed (6399); NA (3013); From UI by Production Login (344); From UI by Engineer Login (178); From CMS (66)
49,Fan Run Status,1,fan_run_status,CHARGER,STATE,STRING,,271,2.71,2,LOW_VARIABILITY,,,,,,,,,,,,,0,0,,Off (6786); On (2943)
50,FAN Set Speed,1,fan_set_speed,CHARGER,CONTINUOUS_TELEMETRY,NUMERIC,RPM,6119,61.19,16,VARIABLE,0.0,100.0,21.159,30.0,21.018,0.0,0.0,0.0,30.0,33.0,58.0,100.0,1617,0,,0 (1617); 30 (1282); 33 (534); 37 (108); 100 (72)
51,System Fan Speed,1,system_fan_speed,CHARGER,CONTINUOUS_TELEMETRY,NUMERIC,RPM,6119,61.19,13,VARIABLE,0.0,100.0,15.179,0.0,32.099,0.0,0.0,0.0,0.0,0.0,100.0,100.0,3005,0,,0 (3005); 100 (424); 30 (292); 50 (40); 40 (24)
52,Cabinet Temperature,1,cabinet_temperature,CHARGER,CONTINUOUS_TELEMETRY,NUMERIC,degC,0,0.0,62,VARIABLE,-50.0,999.0,37.13,32.0,67.736,0.0,21.0,28.0,32.0,37.0,48.0,62.0,49,67,"{""999"": 48}",35 (652); 34 (627); 28 (600); 30 (586); 32 (585)
53,Cooling Temp Sensor 1,1,cooling_temp_sensor_1,CHARGER,CONTINUOUS_TELEMETRY,NUMERIC,degC,281,2.81,45,VARIABLE,-150.0,999.0,16.575,0.0,38.862,0.0,0.0,0.0,0.0,30.0,44.0,54.0,5071,8,"{""999"": 12, ""-150"": 8}",0 (5071); 29 (342); 27 (337); 31 (308); 28 (292)
54,Cooling Temp Sensor 2,1,cooling_temp_sensor_2,CHARGER,CONTINUOUS_TELEMETRY,NUMERIC,degC,281,2.81,42,VARIABLE,-150.0,63.0,15.058,0.0,17.434,0.0,0.0,0.0,0.0,29.0,42.0,52.0,5071,8,"{""-150"": 8}",0 (5071); 29 (534); 26 (272); 30 (270); 25 (269)
55,Fan Card Status,1,fan_card_status,CHARGER,STATE,STRING,,281,2.81,2,LOW_VARIABILITY,,,,,,,,,,,,,0,0,,Off (7974); On (1745)
56,Rect Max Temperature,1,rect_max_temperature,RECTIFIER,CONTINUOUS_TELEMETRY,NUMERIC,degC,8108,81.08,32,VARIABLE,-146.0,66.0,39.736,39.0,9.429,27.0,31.0,36.0,39.0,41.0,59.0,66.0,0,2,,40 (198); 41 (182); 38 (175); 37 (174); 39 (152)
57,Fan 1 Status,1,fan_1_status,CHARGER,STATE,STRING,,281,2.81,2,LOW_VARIABILITY,,,,,,,,,,,,,0,0,,Off (7976); On (1743)
58,Fan 2 Status,1,fan_2_status,CHARGER,STATE,STRING,,281,2.81,2,LOW_VARIABILITY,,,,,,,,,,,,,0,0,,Off (7974); On (1745)
59,Fan 3 Status,1,fan_3_status,CHARGER,STATE,STRING,,281,2.81,2,LOW_VARIABILITY,,,,,,,,,,,,,0,0,,Off (7986); On (1733)
60,Fan 4 Status,1,fan_4_status,CHARGER,STATE,STRING,,281,2.81,2,LOW_VARIABILITY,,,,,,,,,,,,,0,0,,Off (7974); On (1745)
61,Fan 5 Status,1,fan_5_status,CHARGER,STATE,STRING,,281,2.81,2,LOW_VARIABILITY,,,,,,,,,,,,,0,0,,Off (7990); On (1729)
62,Fan 6 Status,1,fan_6_status,CHARGER,STATE,STRING,,281,2.81,2,LOW_VARIABILITY,,,,,,,,,,,,,0,0,,Off (7992); On (1727)
63,Fan 7 Status,1,fan_7_status,CHARGER,STATE,STRING,,281,2.81,2,LOW_VARIABILITY,,,,,,,,,,,,,0,0,,Off (7992); On (1727)
64,Fan 8 Status,1,fan_8_status,CHARGER,STATE,STRING,,281,2.81,2,LOW_VARIABILITY,,,,,,,,,,,,,0,0,,Off (7990); On (1729)
65,Fan 9 Status,1,fan_9_status,CHARGER,STATE,STRING,,281,2.81,2,LOW_VARIABILITY,,,,,,,,,,,,,0,0,,Off (8017); On (1702)
66,Fan 10 Status,1,fan_10_status,CHARGER,STATE,STRING,,281,2.81,2,LOW_VARIABILITY,,,,,,,,,,,,,0,0,,Off (8017); On (1702)
67,Fan 11 Status,1,fan_11_status,CHARGER,STATE,STRING,,281,2.81,2,LOW_VARIABILITY,,,,,,,,,,,,,0,0,,Off (8017); On (1702)
68,Fan 12 Status,1,fan_12_status,CHARGER,STATE,STRING,,281,2.81,2,LOW_VARIABILITY,,,,,,,,,,,,,0,0,,Off (8017); On (1702)
69,Fan 13 Status,1,fan_13_status,CHARGER,STATE,STRING,,281,2.81,2,LOW_VARIABILITY,,,,,,,,,,,,,0,0,,Off (8023); On (1696)
70,Fan 14 Status,1,fan_14_status,CHARGER,STATE,STRING,,281,2.81,2,LOW_VARIABILITY,,,,,,,,,,,,,0,0,,Off (8023); On (1696)
71,Fan 15 Status,1,fan_15_status,CHARGER,STATE,STRING,,281,2.81,2,LOW_VARIABILITY,,,,,,,,,,,,,0,0,,Off (8017); On (1702)
72,Fan 16 Status,1,fan_16_status,CHARGER,STATE,STRING,,281,2.81,2,LOW_VARIABILITY,,,,,,,,,,,,,0,0,,Off (8029); On (1690)
73,Fan 17 Status,1,fan_17_status,CHARGER,STATE,STRING,,281,2.81,2,LOW_VARIABILITY,,,,,,,,,,,,,0,0,,Off (8023); On (1696)
74,Fan 18 Status,1,fan_18_status,CHARGER,STATE,STRING,,281,2.81,2,LOW_VARIABILITY,,,,,,,,,,,,,0,0,,Off (8053); On (1666)
75,Fan 19 Status,1,fan_19_status,CHARGER,STATE,STRING,,281,2.81,1,CONSTANT,,,,,,,,,,,,,0,0,,Off (9719)
76,Fan 20 Status,1,fan_20_status,CHARGER,STATE,STRING,,281,2.81,1,CONSTANT,,,,,,,,,,,,,0,0,,Off (9719)
77,Fan 21 Status,1,fan_21_status,CHARGER,STATE,STRING,,281,2.81,1,CONSTANT,,,,,,,,,,,,,0,0,,Off (9719)
78,Fan 22 Status,1,fan_22_status,CHARGER,STATE,STRING,,281,2.81,1,CONSTANT,,,,,,,,,,,,,0,0,,Off (9719)
79,Fan 23 Status,1,fan_23_status,CHARGER,STATE,STRING,,281,2.81,2,NEAR_CONSTANT,,,,,,,,,,,,,0,0,,Off (9713); On (6)
80,DC Section FAN Status,1,dc_section_fan_status,CHARGER,STATE,STRING,,281,2.81,2,LOW_VARIABILITY,,,,,,,,,,,,,0,0,,Off (7974); On (1745)
81,Grid Fail,1,grid_fail,CHARGER,ALARM_FLAG,STRING,,0,0.0,2,LOW_VARIABILITY,,,,,,,,,,,,,0,0,,Not alarm (9608); Alarm (392)
82,Class-C SPD Fail,1,class_c_spd_fail,CHARGER,ALARM_FLAG,STRING,,0,0.0,2,NEAR_CONSTANT,,,,,,,,,,,,,0,0,,Not alarm (9962); Alarm (38)
83,NE Voltage High Alarm,1,ne_voltage_high_alarm,ALARM,ALARM_FLAG,STRING,V,0,0.0,2,NEAR_CONSTANT,,,,,,,,,,,,,0,0,,Not alarm (9952); Alarm (48)
84,Line 1 Fail,1,line_1_fail,CHARGER,ALARM_FLAG,STRING,,0,0.0,2,NEAR_CONSTANT,,,,,,,,,,,,,0,0,,Not alarm (9960); Alarm (40)
85,Line 2 Fail,1,line_2_fail,CHARGER,ALARM_FLAG,STRING,,0,0.0,1,CONSTANT,,,,,,,,,,,,,0,0,,Not alarm (10000)
86,Line 3 Fail,1,line_3_fail,CHARGER,ALARM_FLAG,STRING,,0,0.0,2,NEAR_CONSTANT,,,,,,,,,,,,,0,0,,Not alarm (9955); Alarm (45)
87,Line 1 Over Voltage,1,line_1_over_voltage,CHARGER,CONTINUOUS_TELEMETRY,STRING,V,0,0.0,2,NEAR_CONSTANT,,,,,,,,,,,,,0,0,,Not alarm (9956); Alarm (44)
88,Line 2 Over Voltage,1,line_2_over_voltage,CHARGER,CONTINUOUS_TELEMETRY,STRING,V,0,0.0,2,NEAR_CONSTANT,,,,,,,,,,,,,0,0,,Not alarm (9976); Alarm (24)
89,Line 3 Over Voltage,1,line_3_over_voltage,CHARGER,CONTINUOUS_TELEMETRY,STRING,V,0,0.0,2,NEAR_CONSTANT,,,,,,,,,,,,,0,0,,Not alarm (9964); Alarm (36)
90,Line 1 Under Voltage,1,line_1_under_voltage,CHARGER,CONTINUOUS_TELEMETRY,STRING,V,0,0.0,2,NEAR_CONSTANT,,,,,,,,,,,,,0,0,,Not alarm (9999); Alarm (1)
91,Line 2 Under Voltage,1,line_2_under_voltage,CHARGER,CONTINUOUS_TELEMETRY,STRING,V,0,0.0,1,CONSTANT,,,,,,,,,,,,,0,0,,Not alarm (10000)
92,Line 3 Under Voltage,1,line_3_under_voltage,CHARGER,CONTINUOUS_TELEMETRY,STRING,V,0,0.0,1,CONSTANT,,,,,,,,,,,,,0,0,,Not alarm (10000)
93,Door Open,1,door_open,ALARM,ALARM_FLAG,STRING,,0,0.0,2,LOW_VARIABILITY,,,,,,,,,,,,,0,0,,Not alarm (9744); Alarm (256)
94,Smoke Alarm,1,smoke_alarm,ALARM,ALARM_FLAG,STRING,,0,0.0,1,CONSTANT,,,,,,,,,,,,,0,0,,Not alarm (10000)
95,Emergency Stop Active,1,emergency_stop_active,ALARM,ALARM_FLAG,STRING,,0,0.0,2,NEAR_CONSTANT,,,,,,,,,,,,,0,0,,Not alarm (9945); Alarm (55)
96,System Over Temperature,1,system_over_temperature,CHARGER,STATE,STRING,degC,0,0.0,2,NEAR_CONSTANT,,,,,,,,,,,,,0,0,,Not alarm (9995); Alarm (5)
97,Input Contactor Fail,1,input_contactor_fail,CONTACTOR,ALARM_FLAG,STRING,,0,0.0,2,NEAR_CONSTANT,,,,,,,,,,,,,0,0,,Not alarm (9998); Alarm (2)
98,System Tilted,1,system_tilted,CHARGER,STATE,STRING,,0,0.0,1,CONSTANT,,,,,,,,,,,,,0,0,,Not alarm (10000)
99,Temperature Sensor Disconnected,1,temperature_sensor_disconnected,CHARGER,STATE,STRING,degC,0,0.0,2,NEAR_CONSTANT,,,,,,,,,,,,,0,0,,Not alarm (9922); Alarm (78)
100,System FAN Fail,1,system_fan_fail,CHARGER,ALARM_FLAG,STRING,,0,0.0,1,CONSTANT,,,,,,,,,,,,,0,0,,Not alarm (10000)
101,Filter Maintenance Warning,1,filter_maintenance_warning,ALARM,ALARM_FLAG,STRING,,0,0.0,1,CONSTANT,,,,,,,,,,,,,0,0,,Not alarm (10000)
102,Mains High,1,mains_high,CHARGER,STATE,STRING,,0,0.0,1,CONSTANT,,,,,,,,,,,,,0,0,,Not alarm (10000)
103,Mains Low,1,mains_low,CHARGER,STATE,STRING,,0,0.0,1,CONSTANT,,,,,,,,,,,,,0,0,,Not alarm (10000)
104,Grid Abnormal,1,grid_abnormal,CHARGER,ALARM_FLAG,STRING,,0,0.0,1,CONSTANT,,,,,,,,,,,,,0,0,,Not alarm (10000)
105,SD Card Not Present,1,sd_card_not_present,CHARGER,STATE,STRING,,0,0.0,1,CONSTANT,,,,,,,,,,,,,0,0,,Not alarm (10000)
106,SD Card Fail,1,sd_card_fail,CHARGER,ALARM_FLAG,STRING,,0,0.0,1,CONSTANT,,,,,,,,,,,,,0,0,,Not alarm (10000)
107,SD Card Crc Fail,1,sd_card_crc_fail,CHARGER,ALARM_FLAG,STRING,,0,0.0,1,CONSTANT,,,,,,,,,,,,,0,0,,Not alarm (10000)
108,Input RCBO Tripped,1,input_rcbo_tripped,ALARM,ALARM_FLAG,STRING,,0,0.0,1,CONSTANT,,,,,,,,,,,,,0,0,,Not alarm (10000)
109,Temperature Sensor-1 Fail,1,temperature_sensor_1_fail,CHARGER,STATE,STRING,degC,0,0.0,2,NEAR_CONSTANT,,,,,,,,,,,,,0,0,,Not alarm (9980); Alarm (20)
110,Temperature Sensor-2 Fail,1,temperature_sensor_2_fail,CHARGER,STATE,STRING,degC,0,0.0,2,NEAR_CONSTANT,,,,,,,,,,,,,0,0,,Not alarm (9992); Alarm (8)
111,MCCB Tripped,1,mccb_tripped,ALARM,ALARM_FLAG,STRING,,0,0.0,2,NEAR_CONSTANT,,,,,,,,,,,,,0,0,,Not alarm (9925); Alarm (75)
112,Class-D SPD Fail Alarm,1,class_d_spd_fail_alarm,ALARM,ALARM_FLAG,STRING,,0,0.0,2,LOW_VARIABILITY,,,,,,,,,,,,,0,0,"{""NA"": 158}",Not alarm (9842); NA (158)
113,Ground Fault Alarm,1,ground_fault_alarm,ALARM,ALARM_FLAG,STRING,,0,0.0,3,LOW_VARIABILITY,,,,,,,,,,,,,0,0,"{""NA"": 158}",Not alarm (9834); NA (158); Alarm (8)
114,HVLV Cut-Off Alarm,1,hvlv_cut_off_alarm,ALARM,ALARM_FLAG,STRING,,0,0.0,3,LOW_VARIABILITY,,,,,,,,,,,,,0,0,"{""NA"": 158}",Not alarm (9810); NA (158); Alarm (32)
115,Auxillary MCB Trip Alarm,1,auxillary_mcb_trip_alarm,ALARM,ALARM_FLAG,STRING,,0,0.0,3,LOW_VARIABILITY,,,,,,,,,,,,,0,0,"{""NA"": 158}",Not alarm (9830); NA (158); Alarm (12)
116,All Rectifier Fail,1,all_rectifier_fail,RECTIFIER,ALARM_FLAG,STRING,,0,0.0,2,LOW_VARIABILITY,,,,,,,,,,,,,0,0,"{""NA"": 158}",Not alarm (9842); NA (158)
117,All Rectifier Communication Fail,1,all_rectifier_communication_fail,COMMUNICATION,ALARM_FLAG,STRING,,0,0.0,2,LOW_VARIABILITY,,,,,,,,,,,,,0,0,"{""NA"": 158}",Not alarm (9842); NA (158)
118,DCEM SN Duplicate,1,dcem_sn_duplicate,CHARGER,STATE,STRING,,0,0.0,2,LOW_VARIABILITY,,,,,,,,,,,,,0,0,"{""NA"": 158}",Not alarm (9842); NA (158)
119,BackupBatteryLow,1,backupbatterylow,BATTERY,ALARM_FLAG,STRING,,0,0.0,3,LOW_VARIABILITY,,,,,,,,,,,,,0,0,"{""NA"": 158}",Not alarm (9738); NA (158); Alarm (104)
120,Earth Leakage Sensed Alarm,1,earth_leakage_sensed_alarm,ALARM,ALARM_FLAG,STRING,,0,0.0,3,LOW_VARIABILITY,,,,,,,,,,,,,0,0,"{""NA"": 158}",Not alarm (9830); NA (158); Alarm (12)
121,GMD Comm Fail alarm,1,gmd_comm_fail_alarm,COMMUNICATION,ALARM_FLAG,STRING,,0,0.0,3,LOW_VARIABILITY,,,,,,,,,,,,,0,0,"{""NA"": 158}",Not alarm (9758); NA (158); Alarm (84)
122,Ring Communication Break,1,ring_communication_break,COMMUNICATION,ALARM_FLAG,STRING,,0,0.0,3,LOW_VARIABILITY,,,,,,,,,,,,,0,0,"{""NA"": 158}",Not alarm (9814); NA (158); Alarm (28)
123,SIM not inserted Alarm,1,sim_not_inserted_alarm,COMMUNICATION,ALARM_FLAG,STRING,,0,0.0,3,LOW_VARIABILITY,,,,,,,,,,,,,0,0,"{""NA"": 158}",Not alarm (9114); Alarm (728); NA (158)
124,Any Rect Fail,1,any_rect_fail,RECTIFIER,ALARM_FLAG,STRING,,0,0.0,3,LOW_VARIABILITY,,,,,,,,,,,,,0,0,"{""NA"": 158}",Not alarm (9775); NA (158); Alarm (67)
125,Grid Over Voltage,1,grid_over_voltage,CHARGER,CONTINUOUS_TELEMETRY,STRING,V,0,0.0,3,LOW_VARIABILITY,,,,,,,,,,,,,0,0,"{""NA"": 158}",Not alarm (9826); NA (158); Alarm (16)
126,Grid Under Voltage,1,grid_under_voltage,CHARGER,CONTINUOUS_TELEMETRY,STRING,V,0,0.0,2,LOW_VARIABILITY,,,,,,,,,,,,,0,0,"{""NA"": 158}",Not alarm (9842); NA (158)
127,Any Rect Comm Fail,1,any_rect_comm_fail,COMMUNICATION,ALARM_FLAG,STRING,,923,9.23,2,LOW_VARIABILITY,,,,,,,,,,,,,0,0,"{""NA"": 144}",Not alarm (8933); NA (144)
128,Connector No,1,connector_no,CONNECTOR,IDENTIFIER,NUMERIC,,1,0.01,3,LOW_VARIABILITY,1.0,3.0,1.501,1.0,0.513,1.0,1.0,1.0,1.0,2.0,2.0,2.0,0,0,,1 (5052); 2 (4881); 3 (66)
129,Connector Type,1,connector_type,CONFIGURATION,CONFIGURATION,STRING,,1,0.01,4,LOW_VARIABILITY,,,,,,,,,,,,,0,0,,DC CCS (9854); DC Chademo (74); AC Type 2 (66); DC GBT (5)
130,Connector Status,1,connector_status,CONNECTOR,STATE,STRING,,1,0.01,8,LOW_VARIABILITY,,,,,,,,,,,,,0,0,,Idle (6799); Charging (1794); Faulted (940); Charge finished (296); Waiting start (78)
131,OCPP State,1,ocpp_state,COMMUNICATION,STATE,STRING,,3,0.03,6,LOW_VARIABILITY,,,,,,,,,,,,,0,0,,Available (6722); Charging (1794); Faulted (940); Finishing (309); Preparing (155)
132,Pilot Controller State,1,pilot_controller_state,CHARGER,STATE,STRING,,907,9.07,6,LOW_VARIABILITY,,,,,,,,,,,,,0,0,"{""NA"": 1544}",Finished (5746); Charging (1655); NA (1544); Handshake (79); Stopping (63)
133,Plug Status,1,plug_status,CONNECTOR,STATE,STRING,,67,0.67,2,LOW_VARIABILITY,,,,,,,,,,,,,0,0,,Plugged out (7653); Plugged in (2280)
134,CCS Main State,1,ccs_main_state,CONNECTOR,STATE,STRING,,5517,55.17,10,LOW_VARIABILITY,,,,,,,,,,,,,0,0,,CHECK_FOR_VEHICLE_CONNECTION (3797); CHARGING_PROCESS (509); SESSION_STOP (96); END_OF_CHARGING (21); PRE_CHARGE (18)
135,CCS Sub State,1,ccs_sub_state,CONNECTOR,STATE,STRING,,6421,64.21,14,VARIABLE,,,,,,,,,,,,,0,0,,CCS_CHECK_GUNPLUGIN (2587); CCS_CHECK_START_CHRAGING_FLAG (404); CCS_CHECK_STATUS_CODE_CURRENT_DEMAND_RES (370); CCS_WAIT_FOR_RECV_CAN (84); CCS_NONE_SUBSTATE (76)
136,CCU Main State,1,ccu_main_state,CHARGER,STATE,STRING,,6433,64.33,9,LOW_VARIABILITY,,,,,,,,,,,,,0,0,,MASTER_STATE_AVAILABLE (2318); MASTER_STATE_RESERVED (687); MASTER_STATE_PREPARING (406); MASTER_STATE_SUSPENDED_EV (92); MASTER_STATE_AUTHENTICATION (48)
137,CP Voltage,1,cp_voltage,CHARGER,CONTINUOUS_TELEMETRY,NUMERIC,V,271,2.71,71,VARIABLE,0.0,13.0,10.852,12.2,2.891,0.0,5.9,9.4,12.2,12.6,12.6,12.9,154,0,,12.6 (3287); 12.2 (2412); 6.1 (660); 12.5 (411); 6 (388)
138,Gun Temp Dc+,1,gun_temp_dc,CONNECTOR,CONTINUOUS_TELEMETRY,NUMERIC,degC,67,0.67,71,VARIABLE,-4.0,999.0,56.767,32.0,147.106,15.0,24.0,28.0,32.0,39.0,54.0,999.0,76,4,"{""999"": 235, ""-1"": 2}",29 (770); 28 (717); 31 (683); 27 (616); 30 (603)
139,Gun Temp Dc-,1,gun_temp_dc,CONNECTOR,CONTINUOUS_TELEMETRY,NUMERIC,degC,67,0.67,74,VARIABLE,-70.0,999.0,53.468,31.0,138.433,10.0,23.0,28.0,31.0,38.0,53.0,999.0,85,12,"{""999"": 207}",30 (726); 28 (696); 29 (653); 27 (625); 26 (518)
140,Gun Insertion Cycle Count,1,gun_insertion_cycle_count,COUNTER,COUNTER,NUMERIC,,1241,12.41,2119,HIGH_VARIABILITY,0.0,50000.0,3484.343,1222.0,6549.743,0.0,5.0,228.0,1222.0,3653.0,17567.0,32908.0,137,0,,0 (137); 2 (84); 3 (75); 4 (71); 5 (64)
141,Gun Voltage,1,gun_voltage,CONNECTOR,CONTINUOUS_TELEMETRY,NUMERIC,V,67,0.67,1196,HIGH_VARIABILITY,-559.72,848.2,150.201,0.48,254.072,-1.64,-0.45,0.0,0.48,354.0,671.56,703.3,2982,1081,"{""-1"": 4}",0 (2982); 0.5 (89); 375 (81); 0.1 (71); 0.3 (71)
142,Charge Selected Mode,1,charge_selected_mode,CONFIGURATION,CONFIGURATION,STRING,,337,3.37,5,LOW_VARIABILITY,,,,,,,,,,,,,0,0,"{""None"": 770}",Auto (8879); None (770); SOC based (12); Time based (1); Energy based (1)
143,Last Charge Session Stop Reason,1,last_charge_session_stop_reason,SESSION,STATE,STRING,,1,0.01,81,VARIABLE,,,,,,,,,,,,,0,0,,Server Stop (402) (2373); EV Requested Stop (2) (1702); Other Error (501) (1269); Local Stop (401) (824); - (0) (633)
144,No Of Active Rectifiers,1,no_of_active_rectifiers,RECTIFIER,CONTINUOUS_TELEMETRY,NUMERIC,,3726,37.26,7,LOW_VARIABILITY,0.0,6.0,2.11,2.0,1.291,0.0,1.0,1.0,2.0,3.0,4.0,6.0,78,0,,1 (3024); 3 (1793); 4 (675); 2 (506); 6 (132)
145,Set Voltage,1,set_voltage,CHARGER,CONTINUOUS_TELEMETRY,NUMERIC,V,67,0.67,116,VARIABLE,0.0,744.5,112.738,0.0,244.704,0.0,0.0,0.0,0.0,0.0,710.0,744.0,8095,0,,0 (8095); 710 (437); 682 (222); 701 (136); 694.8 (113)
146,Set Current,1,set_current,CHARGER,CONTINUOUS_TELEMETRY,NUMERIC,A,67,0.67,262,VARIABLE,0.0,333.7,23.046,0.0,57.272,0.0,0.0,0.0,0.0,0.0,168.0,240.0,8145,0,,0 (8145); 200 (149); 93 (146); 140 (132); 160 (100)
147,Output Voltage,1,output_voltage,CHARGER,CONTINUOUS_TELEMETRY,NUMERIC,V,67,0.67,514,VARIABLE,-0.46,727.5,101.897,0.0,225.436,0.0,0.0,0.0,0.0,0.0,663.47,694.59,8097,5,,0 (8097); 644.82 (28); 701.23 (18); 684.23 (18); 649.08 (18)
148,Output Current,1,output_current,CHARGER,CONTINUOUS_TELEMETRY,NUMERIC,A,67,0.67,369,VARIABLE,0.0,333.6,20.949,0.0,51.581,0.0,0.0,0.0,0.0,0.0,140.01,238.97,8162,0,,0 (8162); 140 (122); 140.01 (78); 93 (69); 139.99 (44)
149,Available Max Current,1,available_max_current,CHARGER,CONTINUOUS_TELEMETRY,NUMERIC,A,337,3.37,57,VARIABLE,0.0,500.0,211.976,200.0,111.487,0.0,0.0,140.0,200.0,250.0,400.0,500.0,705,0,,200 (2601); 250 (1915); 140 (954); 0 (705); 400 (480)
150,Available Max Power,1,available_max_power,CHARGER,CONTINUOUS_TELEMETRY,NUMERIC,kW,337,3.37,70,VARIABLE,0.0,360000.0,105664.454,99640.0,76404.795,0.0,0.0,30000.0,99640.0,150400.0,240000.0,240000.0,709,0,,30000 (2236); 120000 (2203); 240000 (1243); 180000 (778); 0 (709)
151,Group Rect Fail,1,group_rect_fail,RECTIFIER,ALARM_FLAG,STRING,,1,0.01,2,NEAR_CONSTANT,,,,,,,,,,,,,0,0,,Not alarm (9997); Alarm (2)
152,Group Rect Comm Fail,1,group_rect_comm_fail,COMMUNICATION,ALARM_FLAG,STRING,,1,0.01,2,NEAR_CONSTANT,,,,,,,,,,,,,0,0,,Not alarm (9976); Alarm (23)
153,DC Over Voltage,1,dc_over_voltage,CHARGER,STATE,STRING,V,1,0.01,1,CONSTANT,,,,,,,,,,,,,0,0,,Not alarm (9999)
154,Short Circuit,1,short_circuit,ALARM,ALARM_FLAG,STRING,,1,0.01,1,CONSTANT,,,,,,,,,,,,,0,0,,Not alarm (9999)
155,Insulation Comm Fail,1,insulation_comm_fail,COMMUNICATION,ALARM_FLAG,STRING,,1,0.01,2,NEAR_CONSTANT,,,,,,,,,,,,,0,0,,Not alarm (9993); Alarm (6)
156,Last Insulation Test Fail,1,last_insulation_test_fail,ALARM,ALARM_FLAG,STRING,,1,0.01,2,NEAR_CONSTANT,,,,,,,,,,,,,0,0,,Not alarm (9955); Alarm (44)
157,Gun Over Temp Warning,1,gun_over_temp_warning,CONNECTOR,ALARM_FLAG,STRING,degC,1,0.01,2,NEAR_CONSTANT,,,,,,,,,,,,,0,0,,Not alarm (9993); Alarm (6)
158,GunOverTempCutoff,1,gunovertempcutoff,CONNECTOR,CONTINUOUS_TELEMETRY,STRING,degC,1,0.01,1,CONSTANT,,,,,,,,,,,,,0,0,,Not alarm (9999)
159,GUNOverTempDC+ Warning,1,gunovertempdc_warning,CONNECTOR,ALARM_FLAG,STRING,degC,1,0.01,2,NEAR_CONSTANT,,,,,,,,,,,,,0,0,,Not alarm (9989); Alarm (10)
160,GUNOverTempDC- Warning,1,gunovertempdc_warning,CONNECTOR,ALARM_FLAG,STRING,degC,1,0.01,1,CONSTANT,,,,,,,,,,,,,0,0,,Not alarm (9999)
161,Gun Ov Temp Derating Set,1,gun_ov_temp_derating_set,CONNECTOR,CONTINUOUS_TELEMETRY,STRING,degC,1,0.01,2,NEAR_CONSTANT,,,,,,,,,,,,,0,0,,Not alarm (9993); Alarm (6)
162,PLC Comm Fail,1,plc_comm_fail,COMMUNICATION,ALARM_FLAG,STRING,,1,0.01,2,LOW_VARIABILITY,,,,,,,,,,,,,0,0,,Not alarm (9894); Alarm (105)
163,E Lock Failed,1,e_lock_failed,CHARGER,STATE,STRING,,1,0.01,1,CONSTANT,,,,,,,,,,,,,0,0,,Not alarm (9999)
164,Energy Meter Comm Fail,1,energy_meter_comm_fail,COMMUNICATION,ALARM_FLAG,STRING,kWh,1,0.01,2,NEAR_CONSTANT,,,,,,,,,,,,,0,0,,Not alarm (9950); Alarm (49)
165,Gun locked by CMS,1,gun_locked_by_cms,COMMUNICATION,STATE,STRING,,1,0.01,2,NEAR_CONSTANT,,,,,,,,,,,,,0,0,,Not alarm (9939); Alarm (60)
166,Fuse Fail Alarm,1,fuse_fail_alarm,ALARM,ALARM_FLAG,STRING,,1,0.01,1,CONSTANT,,,,,,,,,,,,,0,0,,Not alarm (9999)
167,Auxillary Power Fail,1,auxillary_power_fail,CHARGER,STATE,STRING,kW,1,0.01,1,CONSTANT,,,,,,,,,,,,,0,0,,Not alarm (9999)
168,Gun Temperature Derating Status,1,gun_temperature_derating_status,CONNECTOR,CONTINUOUS_TELEMETRY,STRING,degC,1,0.01,1,CONSTANT,,,,,,,,,,,,,0,0,,Not alarm (9999)
169,Gun Rect Fail,1,gun_rect_fail,RECTIFIER,ALARM_FLAG,STRING,,1,0.01,1,CONSTANT,,,,,,,,,,,,,0,0,,Not alarm (9999)
170,Gun Rect Comm Fail,1,gun_rect_comm_fail,COMMUNICATION,ALARM_FLAG,STRING,,1,0.01,1,CONSTANT,,,,,,,,,,,,,0,0,,Not alarm (9999)
171,Gun Dc+ Ultra Temp,1,gun_dc_ultra_temp,CONNECTOR,ALARM_FLAG,STRING,degC,1,0.01,2,NEAR_CONSTANT,,,,,,,,,,,,,0,0,,Not alarm (9989); Alarm (10)
172,Gun Dc- Ultra Temp,1,gun_dc_ultra_temp,CONNECTOR,ALARM_FLAG,STRING,degC,1,0.01,1,CONSTANT,,,,,,,,,,,,,0,0,,Not alarm (9999)
173,Gun Dc Contactor Fail,1,gun_dc_contactor_fail,CONTACTOR,ALARM_FLAG,STRING,,1,0.01,1,CONSTANT,,,,,,,,,,,,,0,0,,Not alarm (9999)
174,Gun DC+ Temp Sensor Disconnect,1,gun_dc_temp_sensor_disconnect,CONNECTOR,CONTINUOUS_TELEMETRY,STRING,degC,2,0.02,2,LOW_VARIABILITY,,,,,,,,,,,,,0,0,,Not alarm (9807); Alarm (191)
175,Gun DC- Temp Sensor Disconnect,1,gun_dc_temp_sensor_disconnect,CONNECTOR,CONTINUOUS_TELEMETRY,STRING,degC,2,0.02,2,NEAR_CONSTANT,,,,,,,,,,,,,0,0,,Not alarm (9946); Alarm (52)
176,GUN Temperature Sensor Disconnect,1,gun_temperature_sensor_disconnect,CONNECTOR,CONTINUOUS_TELEMETRY,STRING,degC,2,0.02,2,LOW_VARIABILITY,,,,,,,,,,,,,0,0,,Not alarm (9817); Alarm (181)
177,GUN DC+ Temp Sensor Loose,1,gun_dc_temp_sensor_loose,CONNECTOR,CONTINUOUS_TELEMETRY,STRING,degC,2,0.02,2,NEAR_CONSTANT,,,,,,,,,,,,,0,0,,Not alarm (9995); Alarm (3)
178,GUN DC- Temp Sensor Loose,1,gun_dc_temp_sensor_loose,CONNECTOR,CONTINUOUS_TELEMETRY,STRING,degC,2,0.02,1,CONSTANT,,,,,,,,,,,,,0,0,,Not alarm (9998)
179,Gun Not Placed Back Alarm,1,gun_not_placed_back_alarm,CONNECTOR,ALARM_FLAG,STRING,,2,0.02,2,NEAR_CONSTANT,,,,,,,,,,,,,0,0,,Not alarm (9992); Alarm (6)
180,Voltage Calibration Error,1,voltage_calibration_error,CHARGER,STATE,STRING,V,3,0.03,2,NEAR_CONSTANT,,,,,,,,,,,,,0,0,,Not alarm (9996); Alarm (1)
181,Power Section Failed,1,power_section_failed,CHARGER,STATE,STRING,kW,4,0.04,1,CONSTANT,,,,,,,,,,,,,0,0,,Not alarm (9996)
182,Ems Output Voltage,1,ems_output_voltage,CHARGER,CONTINUOUS_TELEMETRY,NUMERIC,V,271,2.71,584,VARIABLE,0.0,749.8,138.579,0.0,254.181,0.0,0.0,0.0,0.0,0.0,671.7,705.7,7376,0,,0 (7376); 641.5 (42); 644.1 (36); 635 (32); 635.6 (32)
183,Ems Output Current,1,ems_output_current,CHARGER,CONTINUOUS_TELEMETRY,NUMERIC,A,271,2.71,526,VARIABLE,-0.98,300.49,21.094,0.0,48.123,0.0,0.0,0.0,0.0,0.0,140.45,182.64,7781,13,,0 (7781); 22.97 (36); 69.51 (32); 70 (32); 139.8 (22)
184,Ems Output Power,1,ems_output_power,CHARGER,CONTINUOUS_TELEMETRY,NUMERIC,kW,1,0.01,543,VARIABLE,-250.0,150633.0,12279.608,0.0,29387.433,0.0,0.0,0.0,0.0,0.0,90478.0,117073.0,8106,11,,0 (8106); 66622 (28); 78820 (18); 90593 (18); 56045 (18)
185,Ems Cumulative Energy,1,ems_cumulative_energy,COUNTER,COUNTER,NUMERIC,kWh,1,0.01,4246,HIGH_VARIABILITY,0.0,998763.88,111437.695,20690.87,197366.227,0.0,7.05,2718.46,20690.87,109062.11,649890.25,858794.94,189,0,,0 (189); 490877.09 (32); 437929.72 (32); 542812.94 (28); 680586.5 (18)
186,AC Contactor Switching Cycle,1,ac_contactor_switching_cycle,CONTACTOR,STATE,STRING,,10000,100.0,0,ALL_NULL,,,,,,,,,,,,,0,0,,
187,AC Contactor Feedback Status,1,ac_contactor_feedback_status,CONTACTOR,STATE,STRING,,10000,100.0,0,ALL_NULL,,,,,,,,,,,,,0,0,,
188,AC Over Voltage,1,ac_over_voltage,CHARGER,STATE,STRING,V,10000,100.0,0,ALL_NULL,,,,,,,,,,,,,0,0,,
189,AC Fail Alarm,1,ac_fail_alarm,ALARM,ALARM_FLAG,STRING,,10000,100.0,0,ALL_NULL,,,,,,,,,,,,,0,0,,
190,AC Under Voltage,1,ac_under_voltage,CHARGER,STATE,STRING,V,10000,100.0,0,ALL_NULL,,,,,,,,,,,,,0,0,,
191,AC EnergyMeterCommFail,1,ac_energymetercommfail,COMMUNICATION,ALARM_FLAG,STRING,kWh,10000,100.0,0,ALL_NULL,,,,,,,,,,,,,0,0,,
192,Session Type,1,session_type,CONFIGURATION,CONFIGURATION,STRING,,1,0.01,2,LOW_VARIABILITY,,,,,,,,,,,,,0,0,,Completed (8137); Ongoing (1862)
193,Session Id,1,session_id,SESSION,IDENTIFIER,NUMERIC,,1,0.01,3950,HIGH_VARIABILITY,0.0,1789592822.0,1679992312.719,1789552082.0,415756027.57,0.0,0.0,1788655653.0,1789552082.0,1789573459.0,1789577709.0,1789578286.0,542,0,,0 (542); 1789573857 (33); 1789573869 (32); 1789577791 (28); 1789575984 (24)
194,Session Output Voltage,1,session_output_voltage,SESSION,SESSION_ATTRIBUTE,NUMERIC,V,1,0.01,452,VARIABLE,-0.16,727.5,64.707,0.0,182.158,0.0,0.0,0.0,0.0,0.0,644.5,688.5,8741,3,,0 (8741); 644.5 (28); 674.66 (18); 643.74 (18); 0.04 (18)
195,Session Output Current,1,session_output_current,SESSION,SESSION_ATTRIBUTE,NUMERIC,A,1,0.01,369,VARIABLE,0.0,333.6,20.81,0.0,51.438,0.0,0.0,0.0,0.0,0.0,140.01,238.97,8228,0,,0 (8228); 140 (122); 140.01 (78); 93 (69); 139.99 (44)
196,Session Demand Voltage,1,session_demand_voltage,SESSION,SESSION_ATTRIBUTE,NUMERIC,V,67,0.67,115,VARIABLE,0.0,744.5,112.718,0.0,244.709,0.0,0.0,0.0,0.0,0.0,710.0,744.0,8097,0,,0 (8097); 710 (437); 682 (222); 701 (136); 694.8 (113)
197,Session Demand Current,1,session_demand_current,SESSION,SESSION_ATTRIBUTE,NUMERIC,A,67,0.67,255,VARIABLE,0.0,333.7,23.052,0.0,57.299,0.0,0.0,0.0,0.0,0.0,168.0,240.0,8146,0,,0 (8146); 200 (150); 93 (146); 140 (132); 160 (100)
198,DC + Insulation Resistance,1,dc_insulation_resistance,ALARM,ALARM_FLAG,NUMERIC,kOhm,67,0.67,1080,HIGH_VARIABILITY,0.0,4487412.0,87886.677,0.0,146874.92,0.0,0.0,0.0,0.0,248803.0,254990.0,257776.0,5880,0,,0 (5880); 650 (513); 648 (124); 500 (37); 247809 (16)
199,DC - Insulation Resistance,1,dc_insulation_resistance,ALARM,ALARM_FLAG,NUMERIC,kOhm,67,0.67,1103,HIGH_VARIABILITY,0.0,33075498.0,96262.818,0.0,499768.394,0.0,0.0,0.0,0.0,244815.0,256676.0,264209.0,5872,0,,0 (5872); 650 (601); 500 (37); 648 (34); 253879 (12)
200,Last Insulation Test Status,1,last_insulation_test_status,ALARM,ALARM_FLAG,STRING,,67,0.67,2,NEAR_CONSTANT,,,,,,,,,,,,,0,0,,Pass (9844); Fail (89)
201,Session Start Energy,1,session_start_energy,SESSION,CONTINUOUS_TELEMETRY,NUMERIC,kWh,5,0.05,3799,HIGH_VARIABILITY,0.0,998715.44,109689.79,20311.86,195598.013,0.0,0.0,2219.92,20311.86,108184.57,631022.06,858733.69,619,0,"{""NA"": 251}",0 (619); NA (251); 490830.12 (32); 437883.19 (32); 0.13 (29)
202,Session Consumed Energy,1,session_consumed_energy,SESSION,CONTINUOUS_TELEMETRY,NUMERIC,kWh,5,0.05,2449,HIGH_VARIABILITY,0.0,236.61,30.936,17.99,36.36,0.0,0.0,3.87,17.99,45.9,111.27,155.64,1327,0,"{""NA"": 251}",0 (1327); NA (251); 54.75 (36); 0.01 (33); 46.97 (32)
203,Start Soc,1,start_soc,SESSION,CONTINUOUS_TELEMETRY,NUMERIC,%,71,0.71,101,VARIABLE,0.0,99.0,37.94,37.0,24.57,0.0,0.0,20.0,37.0,54.0,82.0,93.0,1055,0,"{""NA"": 251}",0 (1055); 50 (577); 20 (265); NA (251); 35 (219)
204,Stop Soc,1,stop_soc,SESSION,CONTINUOUS_TELEMETRY,NUMERIC,%,71,0.71,97,VARIABLE,0.0,100.0,69.517,82.0,32.491,0.0,0.0,50.0,82.0,98.0,100.0,100.0,988,0,"{""NA"": 251}",100 (1558); 0 (988); 99 (671); 98 (472); 50 (470)
205,Begin Time,1,begin_time,SESSION,TIMESTAMP,STRING,s,67,0.67,3752,HIGH_VARIABILITY,,,,,,,,,,,,,0,0,"{""NA"": 251}",01-01-1970 00:00:00 (256); NA (251); 01-01-1970 05:30:00 (180); 16-09-2026 21:20:57 (33); 16-09-2026 21:21:09 (32)
206,Charging Time,1,charging_time,CHARGER,TIMESTAMP,NUMERIC,s,5,0.05,2524,HIGH_VARIABILITY,-5997941.5,13960656.0,-460.333,26.6,341972.009,0.0,0.0,6.25,26.6,52.28,87.3,136.03,652,24,"{""NA"": 251}",0 (652); NA (251); 20.73 (38); 74.3 (32); 74.12 (32)
207,Charging Start Method,1,charging_start_method,CONFIGURATION,CONFIGURATION,STRING,,195,1.95,6,LOW_VARIABILITY,,,,,,,,,,,,,0,0,"{""NA"": 251}",Remote (3719); OTP (3139); Autocharge (1335); RFID (1163); NA (251)
208,Charging Mode,1,charging_mode,CONFIGURATION,CONFIGURATION,STRING,,1,0.01,5,LOW_VARIABILITY,,,,,,,,,,,,,0,0,"{""NA"": 251}",Auto (9731); NA (251); SOC (15); Time (1); Energy (1)
209,Last Charge Session Stop Reason,2,last_charge_session_stop_reason,SESSION,STATE,STRING,,1,0.01,81,VARIABLE,,,,,,,,,,,,,0,0,"{""NA"": 1}",Server Stop (402) (2343); EV Requested Stop (2) (1700); Other Error (501) (1268); Local Stop (401) (822); - (0) (692)
210,CCS Secc State,1,ccs_secc_state,CONNECTOR,STATE,STRING,,67,0.67,13,VARIABLE,,,,,,,,,,,,,0,0,,Charging (6070); EVSE Init. Stop Charging (1474); EV Init. Stop Charging (664); Idle Wait (657); TERMINATE (454)
211,CCS Secc Error Code,1,ccs_secc_error_code,CONNECTOR,STATE,STRING,,67,0.67,8,LOW_VARIABILITY,,,,,,,,,,,,,0,0,,NO ERROR (9104); FAULT WrongCPLevel (574); FAULT HLCError (237); FAULT HPGPLinkDown (6); TIMEOUT Sequence (5)
212,CCS Ev Error Code,1,ccs_ev_error_code,CONNECTOR,STATE,STRING,,67,0.67,4,LOW_VARIABILITY,,,,,,,,,,,,,0,0,,NO ERROR (9911); FAILED ChargingSystemIncompatibility (13); FAILED EVShiftPosition (6); FAILED EVRESSMalfunction (3)
213,EV Max Voltage Limit,1,ev_max_voltage_limit,CONFIGURATION,CONFIGURATION,NUMERIC,V,67,0.67,43,VARIABLE,0.0,1000.0,815.854,950.0,283.219,0.0,0.0,750.0,950.0,950.0,950.0,950.0,908,0,,950 (7251); 750 (1205); 0 (908); 500 (291); 900 (34)
214,EV Max Current Limit,1,ev_max_current_limit,CONFIGURATION,CONFIGURATION,NUMERIC,A,67,0.67,47,VARIABLE,0.0,500.0,206.908,200.0,98.112,0.0,0.0,150.0,200.0,250.0,400.0,400.0,766,0,,200 (2697); 250 (2553); 140 (956); 0 (766); 375 (546)
215,OCPP Tx Send Status,1,ocpp_tx_send_status,COMMUNICATION,STATE,STRING,,905,9.05,3,LOW_VARIABILITY,,,,,,,,,,,,,0,0,,StopSent (6253); StartSent (2188); NotSent (654)
216,EV Mac ID Info,1,ev_mac_id_info,CHARGER,STATE,STRING,,6700,67.0,540,VARIABLE,,,,,,,,,,,,,0,0,,001234567890 (196); 000000000000 (144); 5CCCA0042AE7 (52); 001681000000 (39); 5CCCA0042AEB (36)
217,Calculated Insulation Resistance,1,calculated_insulation_resistance,ALARM,ALARM_FLAG,NUMERIC,kOhm,5901,59.01,80,VARIABLE,0.0,95000.0,36015.833,38700.0,28620.738,0.0,0.0,0.0,38700.0,69200.0,74100.0,95000.0,1364,0,,0 (1364); 46500 (409); 70100 (204); 70000 (184); 69400 (168)
218,Gun Output Voltage,1,gun_output_voltage,CONNECTOR,CONTINUOUS_TELEMETRY,NUMERIC,V,5901,59.01,132,VARIABLE,0.0,849.8,68.124,1.0,186.103,0.0,0.0,0.0,1.0,1.9,643.2,687.6,2025,0,,0 (2025); 1 (206); 1.3 (179); 1.4 (135); 1.1 (128)
219,SMR Set Voltage,1,smr_set_voltage,SMR,CONTINUOUS_TELEMETRY,NUMERIC,V,5901,59.01,54,VARIABLE,0.0,6538.6,178.094,100.0,387.33,0.0,0.0,0.0,100.0,100.0,702.8,744.5,1557,0,,100 (1634); 0 (1557); 465 (142); 694.8 (78); 681.6 (60)
220,SMR Set Current,1,smr_set_current,SMR,CONTINUOUS_TELEMETRY,NUMERIC,A,5901,59.01,308,VARIABLE,0.0,397.0,55.681,11.0,77.109,0.0,0.0,0.0,11.0,100.0,204.0,333.7,1857,0,,0 (1857); 250 (60); 23 (54); 115 (52); 120 (40)
221,SMR Available Current,1,smr_available_current,SMR,CONTINUOUS_TELEMETRY,NUMERIC,A,5901,59.01,90,VARIABLE,0.0,402.0,16.459,0.0,49.479,0.0,0.0,0.0,0.0,0.0,168.2,188.7,3593,0,,0 (3593); 103.9 (12); 176.3 (12); 23 (12); 187.8 (12)
222,SMR Max Power,1,smr_max_power,SMR,CONTINUOUS_TELEMETRY,NUMERIC,kW,8416,84.16,7,LOW_VARIABILITY,0.0,60000.0,11159.778,0.0,18704.661,0.0,0.0,0.0,0.0,24464.0,54464.0,60000.0,1122,0,,0 (1122); 30000 (158); 54464 (120); 40000 (92); 24464 (48)
223,GUN CCS Main State at Session stop,1,gun_ccs_main_state_at_session_stop,SESSION,SESSION_ATTRIBUTE,STRING,,6433,64.33,12,VARIABLE,,,,,,,,,,,,,0,0,,CHARGING_PROCESS (2027); CHECK_FOR_VEHICLE_CONNECTION (1384); CABLE_CHECK (31); HIGH_LEVEL_COMMUNICATION (28); PRE_CHARGE (28)
224,GUN CCS Sub State at Session stop,1,gun_ccs_sub_state_at_session_stop,SESSION,SESSION_ATTRIBUTE,STRING,,6421,64.21,16,VARIABLE,,,,,,,,,,,,,0,0,,CCS_CHECK_STATUS_CODE_CURRENT_DEMAND_RES (2035); CCS_CHECK_GUNPLUGIN (1312); CCS_WAIT_FOR_RECV_CAN (84); CCS_CHECK_STATUS_CODE_AUTHORIZATION_REQ (28); CCS_SEND_CABLE_CHECK_RES_FINISHED (24)
225,DC Contactor Switching Cycle,1,dc_contactor_switching_cycle,CONTACTOR,CONTINUOUS_TELEMETRY,NUMERIC,,5023,50.23,1237,HIGH_VARIABILITY,0.0,65535.0,1839.135,885.0,3788.422,1.0,4.0,170.0,885.0,2515.0,6074.0,10365.0,30,0,"{""65535"": 12}",3 (119); 4 (73); 13 (40); 6 (40); 16 (39)
226,Gun Insert Counter- Charger Socket,1,gun_insert_counter_charger_socket,SESSION,CONTINUOUS_TELEMETRY,NUMERIC,%,5901,59.01,353,VARIABLE,0.0,3996.0,340.174,9.0,621.7,0.0,0.0,2.0,9.0,441.0,1612.0,2878.0,584,0,,0 (584); 2 (364); 3 (300); 1 (262); 4 (172)
227,Gun Over Temperature Counter,1,gun_over_temperature_counter,CONNECTOR,ALARM_FLAG,NUMERIC,degC,4947,49.47,92,VARIABLE,0.0,842.0,14.068,0.0,63.094,0.0,0.0,0.0,0.0,1.0,79.0,281.0,3646,0,,0 (3646); 1 (255); 2 (155); 3 (76); 5 (52)
228,Charging Cycle Count,1,charging_cycle_count,COUNTER,COUNTER,NUMERIC,,4947,49.47,535,VARIABLE,0.0,6408.0,528.685,145.0,816.08,0.0,0.0,2.0,145.0,756.0,2105.0,3712.0,1031,0,,0 (1031); 2 (196); 5 (95); 4 (86); 3 (79)
229,Gun Placed in Charger Holder,1,gun_placed_in_charger_holder,CONNECTOR,STATE,STRING,,2,0.02,3,LOW_VARIABILITY,,,,,,,,,,,,,0,0,"{""NA"": 5909}",NA (5909); No (3298); Yes (791)
230,SLAC Attenuation,1,slac_attenuation,CHARGER,CONTINUOUS_TELEMETRY,NUMERIC,,9902,99.02,14,VARIABLE,0.0,40.0,14.071,0.0,15.696,0.0,0.0,0.0,0.0,29.0,37.0,40.0,53,0,,0 (53); 27 (13); 37 (6); 36 (4); 32 (4)
231,Rectifier Number,1,rectifier_number,RECTIFIER,IDENTIFIER,NUMERIC,,4184,41.84,5,LOW_VARIABILITY,1.0,5.0,1.509,1.0,0.832,1.0,1.0,1.0,1.0,2.0,3.0,4.0,0,0,,1 (3947); 2 (958); 3 (739); 4 (162); 5 (10)
232,Rectifier Dc Status,1,rectifier_dc_status,RECTIFIER,STATE,STRING,,4184,41.84,2,LOW_VARIABILITY,,,,,,,,,,,,,0,0,,Off (5677); On (139)
233,Rectifier Internal Temp,1,rectifier_internal_temp,RECTIFIER,CONTINUOUS_TELEMETRY,NUMERIC,degC,4269,42.69,39,VARIABLE,-50.0,69.0,-3.75,0.0,17.728,-50.0,-50.0,0.0,0.0,0.0,0.0,37.0,4853,615,,0 (4853); -50 (615); 32 (31); 30 (31); 31 (30)
234,SMR DcDc Temperature,1,smr_dcdc_temperature,SMR,CONTINUOUS_TELEMETRY,NUMERIC,degC,4269,42.69,61,VARIABLE,0.0,94.0,2.645,0.0,12.597,0.0,0.0,0.0,0.0,0.0,0.0,70.0,5475,0,,0 (5475); 62 (13); 56 (10); 59 (9); 50 (9)
235,SMR Pfc Temperature,1,smr_pfc_temperature,SMR,CONTINUOUS_TELEMETRY,NUMERIC,degC,4269,42.69,47,VARIABLE,0.0,83.0,2.423,0.0,11.428,0.0,0.0,0.0,0.0,0.0,0.0,62.0,5475,0,,0 (5475); 53 (15); 51 (14); 48 (13); 52 (11)
236,Rectifier Output Voltage,1,rectifier_output_voltage,RECTIFIER,CONTINUOUS_TELEMETRY,NUMERIC,V,4269,42.69,166,VARIABLE,0.0,646.8,10.859,0.0,64.003,0.0,0.0,0.0,0.0,0.0,0.0,403.7,5531,0,,0 (5531); 0.3 (5); 0.5 (4); 0.1 (4); 0.7 (4)
237,Rectifier Output Current,1,rectifier_output_current,RECTIFIER,CONTINUOUS_TELEMETRY,NUMERIC,A,4269,42.69,98,VARIABLE,0.0,102.0,1.427,0.0,9.034,0.0,0.0,0.0,0.0,0.0,0.0,60.0,5568,0,,0 (5568); 60 (16); 41.7 (5); 69.4 (4); 64.1 (3)
238,Rectifier Available Max Voltage,1,rectifier_available_max_voltage,RECTIFIER,CONTINUOUS_TELEMETRY,NUMERIC,V,4269,42.69,3,LOW_VARIABILITY,0.0,1000.0,45.891,0.0,208.953,0.0,0.0,0.0,0.0,0.0,0.0,1000.0,5467,0,,0 (5467); 1000 (260); 750 (4)
239,Rectifier Available Max Current,1,rectifier_available_max_current,RECTIFIER,CONTINUOUS_TELEMETRY,NUMERIC,A,4269,42.69,3,LOW_VARIABILITY,0.0,102.0,4.651,0.0,21.242,0.0,0.0,0.0,0.0,0.0,0.0,102.0,5467,0,,0 (5467); 102 (260); 33.5 (4)
240,Rectifier Available MaxPower,1,rectifier_available_maxpower,RECTIFIER,CONTINUOUS_TELEMETRY,NUMERIC,kW,4269,42.69,9,LOW_VARIABILITY,0.0,40000.0,22720.1,30000.0,15345.736,0.0,0.0,30.0,30000.0,30000.0,40000.0,40000.0,614,0,,30000 (2912); 40000 (1044); 30 (849); 0 (614); 40 (190)
241,SMR Hardware Ver,1,smr_hardware_ver,SMR,STATE,STRING,,9122,91.22,10,LOW_VARIABILITY,,,,,,,,,,,,,0,0,,A0C (797); A18 (64); A07 (3); A0A (3); A00 (2)
242,SMR Soft Ver,1,smr_soft_ver,SMR,STATE,STRING,,4450,44.5,44,VARIABLE,,,,,,,,,,,,,0,0,,00.79/00.75 (1328); 00.79/00.73 (1285); 1.21:1.17 (738); 00.7B/00.71 (689); 00.7A/00.75 (278)
243,Rectifier Output Short,1,rectifier_output_short,RECTIFIER,STATE,STRING,,4184,41.84,2,NEAR_CONSTANT,,,,,,,,,,,,,0,0,,Not alarm (5812); Alarm (4)
244,Inner Comm Interrupt,1,inner_comm_interrupt,COMMUNICATION,ALARM_FLAG,STRING,,4184,41.84,2,NEAR_CONSTANT,,,,,,,,,,,,,0,0,,Not alarm (5771); Alarm (45)
245,PFC Side Abnormal,1,pfc_side_abnormal,SMR,IDENTIFIER,STRING,,4184,41.84,2,NEAR_CONSTANT,,,,,,,,,,,,,0,0,,Not alarm (5758); Alarm (58)
246,Discharge Abnormal,1,discharge_abnormal,CHARGER,STATE,STRING,,4184,41.84,2,LOW_VARIABILITY,,,,,,,,,,,,,0,0,,Not alarm (5741); Alarm (75)
247,DC Side Is Off,1,dc_side_is_off,CHARGER,STATE,STRING,,4184,41.84,2,LOW_VARIABILITY,,,,,,,,,,,,,0,0,,Not alarm (3837); Alarm (1979)
248,MDL Fault,1,mdl_fault,SMR,ALARM_FLAG,STRING,,4184,41.84,2,NEAR_CONSTANT,,,,,,,,,,,,,0,0,,Not alarm (5804); Alarm (12)
249,MDL Protect,1,mdl_protect,SMR,STATE,STRING,,4184,41.84,2,LOW_VARIABILITY,,,,,,,,,,,,,0,0,,Not alarm (5748); Alarm (68)
250,Fan Fault,1,fan_fault,ALARM,ALARM_FLAG,STRING,,4184,41.84,2,NEAR_CONSTANT,,,,,,,,,,,,,0,0,,Not alarm (5813); Alarm (3)
251,Over Temperature,1,over_temperature,CHARGER,STATE,STRING,degC,4184,41.84,2,NEAR_CONSTANT,,,,,,,,,,,,,0,0,,Not alarm (5813); Alarm (3)
252,Output Over Voltage,1,output_over_voltage,CHARGER,STATE,STRING,V,4184,41.84,2,NEAR_CONSTANT,,,,,,,,,,,,,0,0,,Not alarm (5810); Alarm (6)
253,Walk In Enabled,1,walk_in_enabled,CHARGER,STATE,STRING,,4184,41.84,2,NEAR_CONSTANT,,,,,,,,,,,,,0,0,,Not alarm (5815); Alarm (1)
254,CAN Communication Interrupt,1,can_communication_interrupt,COMMUNICATION,ALARM_FLAG,STRING,,4184,41.84,1,CONSTANT,,,,,,,,,,,,,0,0,,Not alarm (5816)
255,Power Limit,1,power_limit,CONFIGURATION,CONFIGURATION,STRING,kW,4184,41.84,2,NEAR_CONSTANT,,,,,,,,,,,,,0,0,,Not alarm (5791); Alarm (25)
256,MDL Id Repetition,1,mdl_id_repetition,SMR,IDENTIFIER,STRING,,4184,41.84,2,NEAR_CONSTANT,,,,,,,,,,,,,0,0,,Not alarm (5790); Alarm (26)
257,Load Sharing,1,load_sharing,CHARGER,STATE,STRING,,4184,41.84,2,NEAR_CONSTANT,,,,,,,,,,,,,0,0,,Not alarm (5768); Alarm (48)
258,Input Phase Loss,1,input_phase_loss,CHARGER,STATE,STRING,,4184,41.84,2,LOW_VARIABILITY,,,,,,,,,,,,,0,0,,Not alarm (5747); Alarm (69)
259,Input Unbalance,1,input_unbalance,CHARGER,STATE,STRING,,4184,41.84,2,NEAR_CONSTANT,,,,,,,,,,,,,0,0,,Not alarm (5790); Alarm (26)
260,Input Under Voltage,1,input_under_voltage,CHARGER,STATE,STRING,V,4184,41.84,2,NEAR_CONSTANT,,,,,,,,,,,,,0,0,,Not alarm (5780); Alarm (36)
261,Input Over Voltage,1,input_over_voltage,CHARGER,STATE,STRING,V,4184,41.84,2,NEAR_CONSTANT,,,,,,,,,,,,,0,0,,Not alarm (5792); Alarm (24)
262,PFC Side Is Off,1,pfc_side_is_off,SMR,IDENTIFIER,STRING,,4184,41.84,2,LOW_VARIABILITY,,,,,,,,,,,,,0,0,,Not alarm (5055); Alarm (761)
263,Fuse Burn Out,1,fuse_burn_out,CHARGER,STATE,STRING,,4189,41.89,1,CONSTANT,,,,,,,,,,,,,0,0,,Not alarm (5811)
264,PFC DCDC Comm Fail,1,pfc_dcdc_comm_fail,COMMUNICATION,ALARM_FLAG,STRING,,4189,41.89,1,CONSTANT,,,,,,,,,,,,,0,0,,Not alarm (5811)
265,Bus Unbalanced Voltage,1,bus_unbalanced_voltage,CHARGER,STATE,STRING,V,4189,41.89,1,CONSTANT,,,,,,,,,,,,,0,0,,Not alarm (5811)
266,Bus Over Voltage,1,bus_over_voltage,CHARGER,STATE,STRING,V,4189,41.89,1,CONSTANT,,,,,,,,,,,,,0,0,,Not alarm (5811)
267,Bus Voltage Abnormal,1,bus_voltage_abnormal,CHARGER,STATE,STRING,V,4189,41.89,1,CONSTANT,,,,,,,,,,,,,0,0,,Not alarm (5811)
268,Bus Under Voltage,1,bus_under_voltage,CHARGER,STATE,STRING,V,4189,41.89,1,CONSTANT,,,,,,,,,,,,,0,0,,Not alarm (5811)
269,Fan At Full Speed,1,fan_at_full_speed,CHARGER,CONTINUOUS_TELEMETRY,STRING,RPM,4189,41.89,1,CONSTANT,,,,,,,,,,,,,0,0,,Not alarm (5811)
270,Output Derating Temp,1,output_derating_temp,CHARGER,STATE,STRING,degC,4189,41.89,1,CONSTANT,,,,,,,,,,,,,0,0,,Not alarm (5811)
271,Output Derating AC,1,output_derating_ac,CHARGER,STATE,STRING,,4189,41.89,1,CONSTANT,,,,,,,,,,,,,0,0,,Not alarm (5811)
272,DCDC Eeprom Faults,1,dcdc_eeprom_faults,ALARM,ALARM_FLAG,STRING,,4189,41.89,1,CONSTANT,,,,,,,,,,,,,0,0,,Not alarm (5811)
273,PFC Eeprom Faults,1,pfc_eeprom_faults,SMR,ALARM_FLAG,STRING,,4189,41.89,1,CONSTANT,,,,,,,,,,,,,0,0,,Not alarm (5811)
274,Fan 1 Fail,1,fan_1_fail,CHARGER,ALARM_FLAG,STRING,,0,0.0,3,NEAR_CONSTANT,,,,,,,,,,,,,0,0,"{""NA"": 19}",Not alarm (9967); NA (19); Alarm (14)
275,Fan 2 Fail,1,fan_2_fail,CHARGER,ALARM_FLAG,STRING,,0,0.0,3,NEAR_CONSTANT,,,,,,,,,,,,,0,0,"{""NA"": 19}",Not alarm (9979); NA (19); Alarm (2)
276,Fan 3 Fail,1,fan_3_fail,CHARGER,ALARM_FLAG,STRING,,0,0.0,3,NEAR_CONSTANT,,,,,,,,,,,,,0,0,"{""NA"": 19}",Not alarm (9969); NA (19); Alarm (12)
277,Fan 4 Fail,1,fan_4_fail,CHARGER,ALARM_FLAG,STRING,,0,0.0,2,NEAR_CONSTANT,,,,,,,,,,,,,0,0,"{""NA"": 19}",Not alarm (9981); NA (19)
278,Fan 5 Fail,1,fan_5_fail,CHARGER,ALARM_FLAG,STRING,,0,0.0,2,NEAR_CONSTANT,,,,,,,,,,,,,0,0,"{""NA"": 19}",Not alarm (9981); NA (19)
279,Fan 6 Fail,1,fan_6_fail,CHARGER,ALARM_FLAG,STRING,,0,0.0,3,NEAR_CONSTANT,,,,,,,,,,,,,0,0,"{""NA"": 19}",Not alarm (9973); NA (19); Alarm (8)
280,Fan 7 Fail,1,fan_7_fail,CHARGER,ALARM_FLAG,STRING,,0,0.0,3,NEAR_CONSTANT,,,,,,,,,,,,,0,0,"{""NA"": 19}",Not alarm (9979); NA (19); Alarm (2)
281,Fan 8 Fail,1,fan_8_fail,CHARGER,ALARM_FLAG,STRING,,0,0.0,2,NEAR_CONSTANT,,,,,,,,,,,,,0,0,"{""NA"": 19}",Not alarm (9981); NA (19)
282,Fan 9 Fail,1,fan_9_fail,CHARGER,ALARM_FLAG,STRING,,0,0.0,3,NEAR_CONSTANT,,,,,,,,,,,,,0,0,"{""NA"": 19}",Not alarm (9973); NA (19); Alarm (8)
283,Fan 10 Fail,1,fan_10_fail,CHARGER,ALARM_FLAG,STRING,,0,0.0,3,NEAR_CONSTANT,,,,,,,,,,,,,0,0,"{""NA"": 19}",Not alarm (9965); NA (19); Alarm (16)
284,Fan 11 Fail,1,fan_11_fail,CHARGER,ALARM_FLAG,STRING,,0,0.0,3,NEAR_CONSTANT,,,,,,,,,,,,,0,0,"{""NA"": 19}",Not alarm (9973); NA (19); Alarm (8)
285,Fan 12 Fail,1,fan_12_fail,CHARGER,ALARM_FLAG,STRING,,0,0.0,3,NEAR_CONSTANT,,,,,,,,,,,,,0,0,"{""NA"": 19}",Not alarm (9969); NA (19); Alarm (12)
286,Fan 13 Fail,1,fan_13_fail,CHARGER,ALARM_FLAG,STRING,,0,0.0,3,NEAR_CONSTANT,,,,,,,,,,,,,0,0,"{""NA"": 19}",Not alarm (9963); NA (19); Alarm (18)
287,Fan 14 Fail,1,fan_14_fail,CHARGER,ALARM_FLAG,STRING,,0,0.0,3,NEAR_CONSTANT,,,,,,,,,,,,,0,0,"{""NA"": 19}",Not alarm (9963); NA (19); Alarm (18)
288,Fan 15 Fail,1,fan_15_fail,CHARGER,ALARM_FLAG,STRING,,0,0.0,3,NEAR_CONSTANT,,,,,,,,,,,,,0,0,"{""NA"": 19}",Not alarm (9963); NA (19); Alarm (18)
289,Fan 16 Fail,1,fan_16_fail,CHARGER,ALARM_FLAG,STRING,,0,0.0,3,NEAR_CONSTANT,,,,,,,,,,,,,0,0,"{""NA"": 19}",Not alarm (9957); Alarm (24); NA (19)
290,Fan 17 Fail,1,fan_17_fail,CHARGER,ALARM_FLAG,STRING,,0,0.0,3,NEAR_CONSTANT,,,,,,,,,,,,,0,0,"{""NA"": 19}",Not alarm (9957); Alarm (24); NA (19)
291,Fan 18 Fail,1,fan_18_fail,CHARGER,ALARM_FLAG,STRING,,0,0.0,3,NEAR_CONSTANT,,,,,,,,,,,,,0,0,"{""NA"": 19}",Not alarm (9933); Alarm (48); NA (19)
292,Fan 19 Fail,1,fan_19_fail,CHARGER,ALARM_FLAG,STRING,,0,0.0,2,NEAR_CONSTANT,,,,,,,,,,,,,0,0,"{""NA"": 19}",Not alarm (9981); NA (19)
293,Fan 20 Fail,1,fan_20_fail,CHARGER,ALARM_FLAG,STRING,,0,0.0,2,NEAR_CONSTANT,,,,,,,,,,,,,0,0,"{""NA"": 19}",Not alarm (9981); NA (19)
294,Fan 21 Fail,1,fan_21_fail,CHARGER,ALARM_FLAG,STRING,,0,0.0,2,NEAR_CONSTANT,,,,,,,,,,,,,0,0,"{""NA"": 19}",Not alarm (9981); NA (19)
295,Fan 22 Fail,1,fan_22_fail,CHARGER,ALARM_FLAG,STRING,,0,0.0,2,NEAR_CONSTANT,,,,,,,,,,,,,0,0,"{""NA"": 19}",Not alarm (9981); NA (19)
296,Fan 23 Fail,1,fan_23_fail,CHARGER,ALARM_FLAG,STRING,,0,0.0,2,NEAR_CONSTANT,,,,,,,,,,,,,0,0,"{""NA"": 19}",Not alarm (9981); NA (19)
297,DC Section Fan Fail,1,dc_section_fan_fail,CHARGER,ALARM_FLAG,STRING,,0,0.0,3,NEAR_CONSTANT,,,,,,,,,,,,,0,0,"{""NA"": 19}",Not alarm (9973); NA (19); Alarm (8)
298,Smr No.,1,smr_no,SMR,IDENTIFIER,NUMERIC,,4737,47.37,10,LOW_VARIABILITY,1.0,10.0,3.233,3.0,1.747,1.0,1.0,2.0,3.0,5.0,6.0,7.0,0,0,,1 (1059); 2 (1049); 3 (941); 4 (893); 5 (623)
299,SMR Mapped GUN,1,smr_mapped_gun,SMR,CONTINUOUS_TELEMETRY,NUMERIC,,5824,58.24,3,LOW_VARIABILITY,0.0,2.0,0.158,0.0,0.481,0.0,0.0,0.0,0.0,0.0,1.0,2.0,3724,0,,0 (3724); 1 (246); 2 (206)
300,SMR GroupId,1,smr_groupid,SMR,IDENTIFIER,STRING,,0,0.0,12,VARIABLE,,,,,,,,,,,,,0,0,"{""NA"": 5824}",NA (5824); 0x21 (1237); 0x22 (1222); 0x23 (498); 0x24 (462)
301,SMR OutputVoltage,1,smr_outputvoltage,SMR,CONTINUOUS_TELEMETRY,NUMERIC,V,5824,58.24,177,VARIABLE,0.0,849.0,59.233,0.0,169.766,0.0,0.0,0.0,0.0,6.0,620.0,672.0,2566,0,,0 (2566); 3 (130); 2 (118); 4 (106); 5 (104)
302,SMR OutputCurrent,1,smr_outputcurrent,SMR,CONTINUOUS_TELEMETRY,NUMERIC,A,5824,58.24,61,VARIABLE,0.0,90.0,5.317,0.0,16.037,0.0,0.0,0.0,0.0,0.0,55.0,64.0,3638,0,,0 (3638); 1 (48); 56 (34); 59 (22); 61 (22)
303,SMR Output Power,1,smr_output_power,SMR,CONTINUOUS_TELEMETRY,NUMERIC,kW,5824,58.24,249,VARIABLE,0.0,40768.0,2714.302,0.0,8470.039,0.0,0.0,0.0,0.0,0.0,25373.0,38614.0,3530,0,,0 (3530); 1 (48); 2 (34); 3 (16); 4 (14)
304,SMR AvailableMaxCurrent,1,smr_availablemaxcurrent,SMR,CONTINUOUS_TELEMETRY,NUMERIC,A,5824,58.24,9,LOW_VARIABILITY,0.0,134.3,109.135,102.0,33.232,0.0,0.0,102.0,102.0,134.3,134.3,134.3,281,0,,102 (1994); 134.3 (1699); 0 (281); 133.3 (114); 110.9 (44)
305,SMR AvailableMaxPower,1,smr_availablemaxpower,SMR,CONTINUOUS_TELEMETRY,NUMERIC,kW,5824,58.24,7,LOW_VARIABILITY,0.0,30305.0,163.379,0.0,2168.107,0.0,0.0,0.0,0.0,0.0,0.0,0.0,4152,0,,0 (4152); 30000 (12); 20000 (4); 30289 (2); 30290 (2)
306,SMR RectifierDCstatus,1,smr_rectifierdcstatus,SMR,STATE,STRING,,5824,58.24,2,LOW_VARIABILITY,,,,,,,,,,,,,0,0,,Off (3708); On (468)
307,SMR RectifierinternalTemp,1,smr_rectifierinternaltemp,SMR,CONTINUOUS_TELEMETRY,NUMERIC,degC,5824,58.24,36,VARIABLE,-150.0,60.0,-119.162,-150.0,67.749,-150.0,-150.0,-150.0,-150.0,-150.0,36.0,46.0,0,3518,"{""-150"": 3443}",-150 (3443); -50 (75); 32 (50); 36 (40); 34 (40)
308,SMRDCDCTemperature,1,smrdcdctemperature,SMR,CONTINUOUS_TELEMETRY,NUMERIC,degC,5824,58.24,68,VARIABLE,0.0,95.0,8.636,0.0,22.368,0.0,0.0,0.0,0.0,0.0,68.0,87.0,3600,0,,0 (3600); 58 (28); 66 (24); 68 (24); 70 (20)
309,SMRPFCTemperature,1,smrpfctemperature,SMR,CONTINUOUS_TELEMETRY,NUMERIC,degC,5824,58.24,56,VARIABLE,-15.0,88.0,7.67,0.0,19.787,0.0,0.0,0.0,0.0,0.0,60.0,73.0,3602,2,,0 (3602); 48 (26); 57 (26); 58 (24); 56 (22)
310,SMR AvailableMaxVoltage,1,smr_availablemaxvoltage,SMR,CONTINUOUS_TELEMETRY,NUMERIC,V,5824,58.24,152,VARIABLE,0.0,853.0,58.211,0.0,173.496,0.0,0.0,0.0,0.0,0.0,637.0,684.0,3494,0,,0 (3494); 2 (46); 1 (36); 6 (30); 5 (30)
311,SMR Rated Maximum Current,1,smr_rated_maximum_current,SMR,CONTINUOUS_TELEMETRY,NUMERIC,A,5824,58.24,54,VARIABLE,0.0,133.0,8.16,0.0,23.674,0.0,0.0,0.0,0.0,0.0,68.0,102.0,3706,0,,0 (3706); 60 (46); 61 (34); 64 (26); 59 (26)
312,SMR Rated Maximum Power,1,smr_rated_maximum_power,SMR,CONTINUOUS_TELEMETRY,NUMERIC,kW,5824,58.24,5,LOW_VARIABILITY,0.0,30000.0,453.443,30.0,3500.08,0.0,0.0,30.0,30.0,40.0,40.0,30000.0,265,0,,30 (2046); 40 (1805); 0 (265); 30000 (56); 20000 (4)
313,SMRHardwareVer,1,smrhardwarever,SMR,CONTINUOUS_TELEMETRY,NUMERIC,,5836,58.36,22,VARIABLE,0.0,92.91,1.227,1.24,2.047,0.0,1.13,1.22,1.24,1.24,1.25,1.25,154,0,,01.24 (1457); 01.25 (874); 01.22 (626); 01.21 (506); 01.23 (252)
314,SMRSoftVer,1,smrsoftver,SMR,STATE,STRING,,4737,47.37,27,VARIABLE,,,,,,,,,,,,,0,0,,41.06 (1711); 41.0C (1132); 41.18 (874); 00.79 (491); 00.7B (462)
315,SMRPFCVer,1,smrpfcver,SMR,CONTINUOUS_TELEMETRY,NUMERIC,,4737,47.37,26,VARIABLE,0.0,78.07,1.052,1.14,1.525,0.0,0.67,1.13,1.14,1.15,1.17,1.17,166,0,,01.14 (1501); 01.17 (1130); 01.15 (876); 00.71 (468); 00.73 (437)
316,SMR Line1 Voltage,1,smr_line1_voltage,SMR,CONTINUOUS_TELEMETRY,NUMERIC,V,5824,58.24,121,VARIABLE,0.0,4381.0,109.709,0.0,462.788,0.0,0.0,0.0,0.0,0.0,425.0,3929.0,3427,0,,0 (3427); 410 (44); 404 (22); 409 (22); 412 (20)
317,SMR Line2 Voltage,1,smr_line2_voltage,SMR,CONTINUOUS_TELEMETRY,NUMERIC,V,5824,58.24,119,VARIABLE,0.0,4421.0,109.847,0.0,462.301,0.0,0.0,0.0,0.0,0.0,424.0,3940.0,3427,0,,0 (3427); 412 (36); 410 (26); 413 (24); 406 (24)
318,SMR Line3 Voltage,1,smr_line3_voltage,SMR,CONTINUOUS_TELEMETRY,NUMERIC,V,5824,58.24,119,VARIABLE,0.0,4398.0,109.95,0.0,463.314,0.0,0.0,0.0,0.0,0.0,425.0,3943.0,3427,0,,0 (3427); 426 (34); 412 (32); 409 (24); 408 (22)
319,SMR Rated Minimum Voltage,1,smr_rated_minimum_voltage,SMR,CONTINUOUS_TELEMETRY,NUMERIC,V,5824,58.24,2,LOW_VARIABILITY,0.0,50.0,47.869,50.0,10.102,0.0,50.0,50.0,50.0,50.0,50.0,50.0,178,0,,50 (3998); 0 (178)
320,SMR Rated Maximum Voltage,1,smr_rated_maximum_voltage,SMR,CONTINUOUS_TELEMETRY,NUMERIC,V,5824,58.24,3,LOW_VARIABILITY,0.0,1000.0,936.303,1000.0,243.874,0.0,0.0,1000.0,1000.0,1000.0,1000.0,1000.0,265,0,,1000 (3907); 0 (265); 750 (4)
321,SMR Fan Speed,1,smr_fan_speed,SMR,CONTINUOUS_TELEMETRY,NUMERIC,RPM,5824,58.24,46,VARIABLE,0.0,11090.0,705.862,0.0,2345.971,0.0,0.0,0.0,0.0,0.0,7240.0,11090.0,3790,0,,0 (3790); 11090 (106); 4820 (24); 4160 (18); 4930 (18)
322,SMR Output Short,1,smr_output_short,SMR,STATE,STRING,,4737,47.37,1,CONSTANT,,,,,,,,,,,,,0,0,,Not alarm (5263)
323,SMR Inner Comm Interrupt,1,smr_inner_comm_interrupt,COMMUNICATION,ALARM_FLAG,STRING,,4737,47.37,1,CONSTANT,,,,,,,,,,,,,0,0,,Not alarm (5263)
324,SMR PFC Side Abnormal,1,smr_pfc_side_abnormal,SMR,IDENTIFIER,STRING,,4737,47.37,2,NEAR_CONSTANT,,,,,,,,,,,,,0,0,,Not alarm (5215); Alarm (48)
325,SMR Discharge Abnormal,1,smr_discharge_abnormal,SMR,IDENTIFIER,STRING,,4737,47.37,1,CONSTANT,,,,,,,,,,,,,0,0,,Not alarm (5263)
326,SMR DC Side is OFF,1,smr_dc_side_is_off,SMR,IDENTIFIER,STRING,,4737,47.37,2,LOW_VARIABILITY,,,,,,,,,,,,,0,0,,Alarm (3948); Not alarm (1315)
327,SMR MDL Fault,1,smr_mdl_fault,SMR,ALARM_FLAG,STRING,,4737,47.37,2,NEAR_CONSTANT,,,,,,,,,,,,,0,0,,Not alarm (5257); Alarm (6)
328,SMR MDL Protect,1,smr_mdl_protect,SMR,STATE,STRING,,4737,47.37,2,NEAR_CONSTANT,,,,,,,,,,,,,0,0,,Not alarm (5215); Alarm (48)
329,SMR Fan Fault,1,smr_fan_fault,SMR,ALARM_FLAG,STRING,,4737,47.37,1,CONSTANT,,,,,,,,,,,,,0,0,,Not alarm (5263)
330,SMR Over Temperature,1,smr_over_temperature,SMR,CONTINUOUS_TELEMETRY,STRING,degC,4737,47.37,1,CONSTANT,,,,,,,,,,,,,0,0,,Not alarm (5263)
331,SMR Output Over Voltage,1,smr_output_over_voltage,SMR,CONTINUOUS_TELEMETRY,STRING,V,4737,47.37,2,NEAR_CONSTANT,,,,,,,,,,,,,0,0,,Not alarm (5257); Alarm (6)
332,SMR WALK-IN Enable,1,smr_walk_in_enable,SMR,STATE,STRING,,4737,47.37,1,CONSTANT,,,,,,,,,,,,,0,0,,Not alarm (5263)
333,SMR CAN Communication Interrupt,1,smr_can_communication_interrupt,COMMUNICATION,ALARM_FLAG,STRING,,4737,47.37,1,CONSTANT,,,,,,,,,,,,,0,0,,Not alarm (5263)
334,SMR Power Limit,1,smr_power_limit,CONFIGURATION,CONFIGURATION,STRING,kW,4737,47.37,2,NEAR_CONSTANT,,,,,,,,,,,,,0,0,,Not alarm (5247); Alarm (16)
335,SMR DL ID Repetition,1,smr_dl_id_repetition,SMR,IDENTIFIER,STRING,,4737,47.37,1,CONSTANT,,,,,,,,,,,,,0,0,,Not alarm (5263)
336,SMR Load Sharing,1,smr_load_sharing,SMR,STATE,STRING,,4737,47.37,1,CONSTANT,,,,,,,,,,,,,0,0,,Not alarm (5263)
337,SMR Input Phase loss,1,smr_input_phase_loss,SMR,STATE,STRING,,4737,47.37,1,CONSTANT,,,,,,,,,,,,,0,0,,Not alarm (5263)
338,SMR Input Unbalance,1,smr_input_unbalance,SMR,ALARM_FLAG,STRING,,4737,47.37,1,CONSTANT,,,,,,,,,,,,,0,0,,Not alarm (5263)
339,SMR Input Under Voltage,1,smr_input_under_voltage,SMR,CONTINUOUS_TELEMETRY,STRING,V,4737,47.37,2,NEAR_CONSTANT,,,,,,,,,,,,,0,0,,Not alarm (5215); Alarm (48)
340,SMR Input Over Voltage,1,smr_input_over_voltage,SMR,CONTINUOUS_TELEMETRY,STRING,V,4737,47.37,1,CONSTANT,,,,,,,,,,,,,0,0,,Not alarm (5263)
341,SMR PFC Side is OFF,1,smr_pfc_side_is_off,SMR,IDENTIFIER,STRING,,4737,47.37,2,LOW_VARIABILITY,,,,,,,,,,,,,0,0,,Not alarm (5073); Alarm (190)
342,SMR Fuse Burn Out,1,smr_fuse_burn_out,SMR,ALARM_FLAG,STRING,,4737,47.37,1,CONSTANT,,,,,,,,,,,,,0,0,,Not alarm (5263)
343,SMR PFC DCDC Comm Fail,1,smr_pfc_dcdc_comm_fail,COMMUNICATION,ALARM_FLAG,STRING,,4737,47.37,1,CONSTANT,,,,,,,,,,,,,0,0,,Not alarm (5263)
344,SMR Bus Unbalanced Voltage,1,smr_bus_unbalanced_voltage,SMR,ALARM_FLAG,STRING,V,4737,47.37,1,CONSTANT,,,,,,,,,,,,,0,0,,Not alarm (5263)
345,SMR Bus Over Voltage,1,smr_bus_over_voltage,SMR,CONTINUOUS_TELEMETRY,STRING,V,4737,47.37,1,CONSTANT,,,,,,,,,,,,,0,0,,Not alarm (5263)
346,SMR Bus Voltage Abnormal,1,smr_bus_voltage_abnormal,SMR,CONTINUOUS_TELEMETRY,STRING,V,4737,47.37,1,CONSTANT,,,,,,,,,,,,,0,0,,Not alarm (5263)
347,SMR Bus Under Voltage,1,smr_bus_under_voltage,SMR,CONTINUOUS_TELEMETRY,STRING,V,4737,47.37,1,CONSTANT,,,,,,,,,,,,,0,0,,Not alarm (5263)
348,SMR Fan At Full Speed,1,smr_fan_at_full_speed,SMR,CONTINUOUS_TELEMETRY,STRING,RPM,4737,47.37,1,CONSTANT,,,,,,,,,,,,,0,0,,Not alarm (5263)
349,SMR Output Derating Temp,1,smr_output_derating_temp,SMR,ALARM_FLAG,STRING,degC,4737,47.37,1,CONSTANT,,,,,,,,,,,,,0,0,,Not alarm (5263)
350,SMR Output Derating AC,1,smr_output_derating_ac,SMR,ALARM_FLAG,STRING,,4737,47.37,1,CONSTANT,,,,,,,,,,,,,0,0,,Not alarm (5263)
351,SMR DCDC Eeprom Faults,1,smr_dcdc_eeprom_faults,SMR,ALARM_FLAG,STRING,,4737,47.37,1,CONSTANT,,,,,,,,,,,,,0,0,,Not alarm (5263)
352,SMR PFC Eeprom Faults,1,smr_pfc_eeprom_faults,SMR,ALARM_FLAG,STRING,,4737,47.37,1,CONSTANT,,,,,,,,,,,,,0,0,,Not alarm (5263)
353,SMR Module Fail,1,smr_module_fail,SMR,ALARM_FLAG,STRING,,4737,47.37,2,LOW_VARIABILITY,,,,,,,,,,,,,0,0,"{""NA"": 1706}",Normal (3557); NA (1706)
354,SMR Module Comm Fail,1,smr_module_comm_fail,COMMUNICATION,ALARM_FLAG,STRING,,4737,47.37,3,LOW_VARIABILITY,,,,,,,,,,,,,0,0,"{""NA"": 1706}",Normal (3426); NA (1706); Abnormal (131)
355,IN_PFC-1,1,in_pfc_1,SMR,STATE,STRING,,0,0.0,3,LOW_VARIABILITY,,,,,,,,,,,,,0,0,"{""NA"": 5911}",NA (5911); Off (3337); On (752)
356,IN_PFC-2,1,in_pfc_2,SMR,STATE,STRING,,0,0.0,3,LOW_VARIABILITY,,,,,,,,,,,,,0,0,"{""NA"": 5911}",NA (5911); Off (3337); On (752)
357,IN_PFC-3,1,in_pfc_3,SMR,STATE,STRING,,0,0.0,3,LOW_VARIABILITY,,,,,,,,,,,,,0,0,"{""NA"": 5911}",NA (5911); Off (3579); On (510)
358,IN_PFC-4,1,in_pfc_4,SMR,STATE,STRING,,0,0.0,3,LOW_VARIABILITY,,,,,,,,,,,,,0,0,"{""NA"": 5911}",NA (5911); Off (3575); On (514)
359,IN_PFC-5,1,in_pfc_5,SMR,STATE,STRING,,0,0.0,3,LOW_VARIABILITY,,,,,,,,,,,,,0,0,"{""NA"": 5911}",NA (5911); Off (3755); On (334)
360,IN_PFC-6,1,in_pfc_6,SMR,STATE,STRING,,0,0.0,3,LOW_VARIABILITY,,,,,,,,,,,,,0,0,"{""NA"": 5911}",NA (5911); Off (3777); On (312)
361,IN_PFC-7,1,in_pfc_7,SMR,STATE,STRING,,0,0.0,3,LOW_VARIABILITY,,,,,,,,,,,,,0,0,"{""NA"": 5911}",NA (5911); Off (4039); On (50)
362,IN_PFC-8,1,in_pfc_8,SMR,STATE,STRING,,0,0.0,3,LOW_VARIABILITY,,,,,,,,,,,,,0,0,"{""NA"": 5911}",NA (5911); Off (4077); On (12)
363,IN_PFC-9,1,in_pfc_9,SMR,STATE,STRING,,0,0.0,3,LOW_VARIABILITY,,,,,,,,,,,,,0,0,"{""NA"": 5911}",NA (5911); On (4035); Off (54)
364,IN_PFC-10,1,in_pfc_10,SMR,STATE,STRING,,0,0.0,3,LOW_VARIABILITY,,,,,,,,,,,,,0,0,"{""NA"": 5911}",NA (5911); On (3779); Off (310)
365,IN_PFC-11,1,in_pfc_11,SMR,STATE,STRING,,0,0.0,3,LOW_VARIABILITY,,,,,,,,,,,,,0,0,"{""NA"": 5911}",NA (5911); Off (2841); On (1248)
366,IN_PFC-12,1,in_pfc_12,SMR,STATE,STRING,,0,0.0,3,LOW_VARIABILITY,,,,,,,,,,,,,0,0,"{""NA"": 5911}",NA (5911); Off (2909); On (1180)
367,Out_PFC-1,1,out_pfc_1,SMR,STATE,STRING,,0,0.0,3,LOW_VARIABILITY,,,,,,,,,,,,,0,0,"{""NA"": 5911}",NA (5911); Off (3261); On (828)
368,Out_PFC-2,1,out_pfc_2,SMR,STATE,STRING,,0,0.0,3,LOW_VARIABILITY,,,,,,,,,,,,,0,0,"{""NA"": 5911}",NA (5911); Off (3261); On (828)
369,Out_PFC-3,1,out_pfc_3,SMR,STATE,STRING,,0,0.0,3,LOW_VARIABILITY,,,,,,,,,,,,,0,0,"{""NA"": 5911}",NA (5911); Off (3515); On (574)
370,Out_PFC-4,1,out_pfc_4,SMR,STATE,STRING,,0,0.0,3,LOW_VARIABILITY,,,,,,,,,,,,,0,0,"{""NA"": 5911}",NA (5911); Off (3523); On (566)
371,Out_PFC-5,1,out_pfc_5,SMR,STATE,STRING,,0,0.0,3,LOW_VARIABILITY,,,,,,,,,,,,,0,0,"{""NA"": 5911}",NA (5911); Off (3719); On (370)
372,Out_PFC-6,1,out_pfc_6,SMR,STATE,STRING,,0,0.0,3,LOW_VARIABILITY,,,,,,,,,,,,,0,0,"{""NA"": 5911}",NA (5911); Off (3733); On (356)
373,Out_PFC-7,1,out_pfc_7,SMR,STATE,STRING,,0,0.0,2,LOW_VARIABILITY,,,,,,,,,,,,,0,0,"{""NA"": 5911}",NA (5911); Off (4089)
374,Out_PFC-8,1,out_pfc_8,SMR,STATE,STRING,,0,0.0,2,LOW_VARIABILITY,,,,,,,,,,,,,0,0,"{""NA"": 5911}",NA (5911); Off (4089)
375,Out_PFC-9,1,out_pfc_9,SMR,STATE,STRING,,0,0.0,2,LOW_VARIABILITY,,,,,,,,,,,,,0,0,"{""NA"": 5911}",NA (5911); Off (4089)
376,Out_PFC-10,1,out_pfc_10,SMR,STATE,STRING,,0,0.0,2,LOW_VARIABILITY,,,,,,,,,,,,,0,0,"{""NA"": 5911}",NA (5911); Off (4089)
377,Out_PFC-11,1,out_pfc_11,SMR,STATE,STRING,,0,0.0,3,LOW_VARIABILITY,,,,,,,,,,,,,0,0,"{""NA"": 5911}",NA (5911); Off (3801); On (288)
378,Out_PFC-12,1,out_pfc_12,SMR,STATE,STRING,,0,0.0,2,LOW_VARIABILITY,,,,,,,,,,,,,0,0,"{""NA"": 5911}",NA (5911); Off (4089)
379,Floating SMR1 Fail,1,floating_smr1_fail,SMR,ALARM_FLAG,STRING,,0,0.0,2,LOW_VARIABILITY,,,,,,,,,,,,,0,0,"{""NA"": 5812}",NA (5812); Not alarm (4188)
380,Floating SMR1 Group Fail,1,floating_smr1_group_fail,SMR,ALARM_FLAG,STRING,,0,0.0,2,LOW_VARIABILITY,,,,,,,,,,,,,0,0,"{""NA"": 5812}",NA (5812); Not alarm (4188)
381,Floating SMR1 Comm Fail,1,floating_smr1_comm_fail,COMMUNICATION,ALARM_FLAG,STRING,,0,0.0,2,LOW_VARIABILITY,,,,,,,,,,,,,0,0,"{""NA"": 5812}",NA (5812); Not alarm (4188)
382,Floating SMR1 Group Comm Fail,1,floating_smr1_group_comm_fail,COMMUNICATION,ALARM_FLAG,STRING,,0,0.0,3,LOW_VARIABILITY,,,,,,,,,,,,,0,0,"{""NA"": 5812}",NA (5812); Not alarm (4144); Alarm (44)
383,Floating SMR2 Fail,1,floating_smr2_fail,SMR,ALARM_FLAG,STRING,,0,0.0,2,LOW_VARIABILITY,,,,,,,,,,,,,0,0,"{""NA"": 5812}",NA (5812); Not alarm (4188)
384,Floating SMR2 Group Fail,1,floating_smr2_group_fail,SMR,ALARM_FLAG,STRING,,0,0.0,2,LOW_VARIABILITY,,,,,,,,,,,,,0,0,"{""NA"": 5812}",NA (5812); Not alarm (4188)
385,Floating SMR2 Comm Fail,1,floating_smr2_comm_fail,COMMUNICATION,ALARM_FLAG,STRING,,0,0.0,2,LOW_VARIABILITY,,,,,,,,,,,,,0,0,"{""NA"": 5812}",NA (5812); Not alarm (4188)
386,Floating SMR2 Group Comm Fail,1,floating_smr2_group_comm_fail,COMMUNICATION,ALARM_FLAG,STRING,,0,0.0,3,LOW_VARIABILITY,,,,,,,,,,,,,0,0,"{""NA"": 5812}",NA (5812); Not alarm (4164); Alarm (24)
387,Floating SMR3 Fail,1,floating_smr3_fail,SMR,ALARM_FLAG,STRING,,0,0.0,2,LOW_VARIABILITY,,,,,,,,,,,,,0,0,"{""NA"": 5812}",NA (5812); Not alarm (4188)
388,Floating SMR3 Group Fail,1,floating_smr3_group_fail,SMR,ALARM_FLAG,STRING,,0,0.0,2,LOW_VARIABILITY,,,,,,,,,,,,,0,0,"{""NA"": 5812}",NA (5812); Not alarm (4188)
389,Floating SMR3 Comm Fail,1,floating_smr3_comm_fail,COMMUNICATION,ALARM_FLAG,STRING,,0,0.0,2,LOW_VARIABILITY,,,,,,,,,,,,,0,0,"{""NA"": 5812}",NA (5812); Not alarm (4188)
390,Floating SMR3 Group Comm Fail,1,floating_smr3_group_comm_fail,COMMUNICATION,ALARM_FLAG,STRING,,0,0.0,3,LOW_VARIABILITY,,,,,,,,,,,,,0,0,"{""NA"": 5812}",NA (5812); Not alarm (4140); Alarm (48)
391,Floating SMR4 Fail,1,floating_smr4_fail,SMR,ALARM_FLAG,STRING,,0,0.0,2,LOW_VARIABILITY,,,,,,,,,,,,,0,0,"{""NA"": 5812}",NA (5812); Not alarm (4188)
392,Floating SMR4 Group Fail,1,floating_smr4_group_fail,SMR,ALARM_FLAG,STRING,,0,0.0,2,LOW_VARIABILITY,,,,,,,,,,,,,0,0,"{""NA"": 5812}",NA (5812); Not alarm (4188)
393,Floating SMR4 Comm Fail,1,floating_smr4_comm_fail,COMMUNICATION,ALARM_FLAG,STRING,,0,0.0,2,LOW_VARIABILITY,,,,,,,,,,,,,0,0,"{""NA"": 5812}",NA (5812); Not alarm (4188)
394,Floating SMR4 Group Comm Fail,1,floating_smr4_group_comm_fail,COMMUNICATION,ALARM_FLAG,STRING,,0,0.0,3,LOW_VARIABILITY,,,,,,,,,,,,,0,0,"{""NA"": 5812}",NA (5812); Not alarm (4128); Alarm (60)
395,AC1 Contactor Status,1,ac1_contactor_status,CONTACTOR,STATE,STRING,,0,0.0,3,LOW_VARIABILITY,,,,,,,,,,,,,0,0,"{""NA"": 5911}",NA (5911); Off (3337); On (752)
396,AC2 Contactor Status,1,ac2_contactor_status,CONTACTOR,STATE,STRING,,0,0.0,3,LOW_VARIABILITY,,,,,,,,,,,,,0,0,"{""NA"": 5911}",NA (5911); Off (3337); On (752)
397,AC3 Contactor Status,1,ac3_contactor_status,CONTACTOR,STATE,STRING,,0,0.0,3,LOW_VARIABILITY,,,,,,,,,,,,,0,0,"{""NA"": 5911}",NA (5911); Off (3579); On (510)
398,AC4 Contactor Status,1,ac4_contactor_status,CONTACTOR,STATE,STRING,,0,0.0,3,LOW_VARIABILITY,,,,,,,,,,,,,0,0,"{""NA"": 5911}",NA (5911); Off (3575); On (514)
399,AC5 Contactor Status,1,ac5_contactor_status,CONTACTOR,STATE,STRING,,0,0.0,3,LOW_VARIABILITY,,,,,,,,,,,,,0,0,"{""NA"": 5911}",NA (5911); Off (3755); On (334)
400,AC6 Contactor Status,1,ac6_contactor_status,CONTACTOR,STATE,STRING,,0,0.0,3,LOW_VARIABILITY,,,,,,,,,,,,,0,0,"{""NA"": 5911}",NA (5911); Off (3777); On (312)
401,AC1 Contactor Cycle Count,1,ac1_contactor_cycle_count,CONTACTOR,CONTINUOUS_TELEMETRY,NUMERIC,,5901,59.01,360,VARIABLE,0.0,6809.0,1055.329,713.0,1138.71,3.0,16.0,145.0,713.0,1549.0,3170.0,5037.0,36,0,,23 (60); 18 (36); 1149 (36); 16 (36); 0 (36)
402,AC2 Contactor Cycle Count,1,ac2_contactor_cycle_count,CONTACTOR,CONTINUOUS_TELEMETRY,NUMERIC,,5901,59.01,361,VARIABLE,0.0,7031.0,1036.528,668.0,1130.383,2.0,13.0,135.0,668.0,1509.0,3083.0,5073.0,36,0,,0 (36); 285 (32); 15 (32); 28 (32); 141 (32)
403,AC3 Contactor Cycle Count,1,ac3_contactor_cycle_count,CONTACTOR,CONTINUOUS_TELEMETRY,NUMERIC,,5901,59.01,340,VARIABLE,0.0,6521.0,981.914,636.0,1088.435,0.0,6.0,117.0,636.0,1494.0,3116.0,4795.0,84,0,,0 (84); 3 (56); 4 (44); 51 (38); 64 (36)
404,AC4 Contactor Cycle Count,1,ac4_contactor_cycle_count,CONTACTOR,CONTINUOUS_TELEMETRY,NUMERIC,,5901,59.01,338,VARIABLE,0.0,6596.0,945.187,581.0,1050.864,0.0,6.0,114.0,581.0,1461.0,2981.0,4260.0,84,0,,0 (84); 4 (44); 3 (40); 15 (40); 249 (36)
405,AC5 Contactor Cycle Count,1,ac5_contactor_cycle_count,CONTACTOR,CONTINUOUS_TELEMETRY,NUMERIC,,5901,59.01,265,VARIABLE,0.0,6005.0,732.241,274.0,993.98,0.0,0.0,25.0,274.0,1163.0,2612.0,4435.0,674,0,,0 (674); 119 (44); 16 (44); 23 (40); 10 (40)
406,AC6 Contactor Cycle Count,1,ac6_contactor_cycle_count,CONTACTOR,CONTINUOUS_TELEMETRY,NUMERIC,,5901,59.01,277,VARIABLE,0.0,5937.0,707.701,264.0,967.413,0.0,0.0,23.0,264.0,1047.0,2578.0,4101.0,674,0,,0 (674); 11 (48); 116 (40); 15 (36); 118 (36)
407,AC1 Contactor Fail  Alarm,1,ac1_contactor_fail_alarm,CONTACTOR,ALARM_FLAG,STRING,,0,0.0,3,LOW_VARIABILITY,,,,,,,,,,,,,0,0,"{""NA"": 5911}",NA (5911); Not alarm (4077); Alarm (12)
408,AC2 Contactor Fail  Alarm,1,ac2_contactor_fail_alarm,CONTACTOR,ALARM_FLAG,STRING,,0,0.0,3,LOW_VARIABILITY,,,,,,,,,,,,,0,0,"{""NA"": 5911}",NA (5911); Not alarm (4069); Alarm (20)
409,AC3 Contactor Fail  Alarm,1,ac3_contactor_fail_alarm,CONTACTOR,ALARM_FLAG,STRING,,0,0.0,3,LOW_VARIABILITY,,,,,,,,,,,,,0,0,"{""NA"": 5911}",NA (5911); Not alarm (4069); Alarm (20)
410,AC4 Contactor Fail  Alarm,1,ac4_contactor_fail_alarm,CONTACTOR,ALARM_FLAG,STRING,,0,0.0,3,LOW_VARIABILITY,,,,,,,,,,,,,0,0,"{""NA"": 5911}",NA (5911); Not alarm (4077); Alarm (12)
411,AC5 Contactor Fail  Alarm,1,ac5_contactor_fail_alarm,CONTACTOR,ALARM_FLAG,STRING,,0,0.0,3,LOW_VARIABILITY,,,,,,,,,,,,,0,0,"{""NA"": 5911}",NA (5911); Not alarm (4081); Alarm (8)
412,AC6 Contactor Fail  Alarm,1,ac6_contactor_fail_alarm,CONTACTOR,ALARM_FLAG,STRING,,0,0.0,3,LOW_VARIABILITY,,,,,,,,,,,,,0,0,"{""NA"": 5911}",NA (5911); Not alarm (4041); Alarm (48)
413,AC1 Contactor Welded Alarm,1,ac1_contactor_welded_alarm,CONTACTOR,ALARM_FLAG,STRING,,0,0.0,2,LOW_VARIABILITY,,,,,,,,,,,,,0,0,"{""NA"": 6534}",NA (6534); Not alarm (3466)
414,AC2 Contactor Welded Alarm,1,ac2_contactor_welded_alarm,CONTACTOR,ALARM_FLAG,STRING,,0,0.0,2,LOW_VARIABILITY,,,,,,,,,,,,,0,0,"{""NA"": 6534}",NA (6534); Not alarm (3466)
415,AC3 Contactor Welded Alarm,1,ac3_contactor_welded_alarm,CONTACTOR,ALARM_FLAG,STRING,,0,0.0,2,LOW_VARIABILITY,,,,,,,,,,,,,0,0,"{""NA"": 6534}",NA (6534); Not alarm (3466)
416,AC4 Contactor Welded Alarm,1,ac4_contactor_welded_alarm,CONTACTOR,ALARM_FLAG,STRING,,0,0.0,2,LOW_VARIABILITY,,,,,,,,,,,,,0,0,"{""NA"": 6534}",NA (6534); Not alarm (3466)
417,AC5 Contactor Welded Alarm,1,ac5_contactor_welded_alarm,CONTACTOR,ALARM_FLAG,STRING,,0,0.0,2,LOW_VARIABILITY,,,,,,,,,,,,,0,0,"{""NA"": 6534}",NA (6534); Not alarm (3466)
418,AC6 Contactor Welded Alarm,1,ac6_contactor_welded_alarm,CONTACTOR,ALARM_FLAG,STRING,,0,0.0,2,LOW_VARIABILITY,,,,,,,,,,,,,0,0,"{""NA"": 6534}",NA (6534); Not alarm (3466)
419,DC Merger Contactor (C0) Cycle Count,1,dc_merger_contactor_c0_cycle_count,CONTACTOR,CONTINUOUS_TELEMETRY,NUMERIC,,5901,59.01,181,VARIABLE,0.0,3723.0,332.938,13.0,624.366,0.0,0.0,2.0,13.0,409.0,1635.0,2760.0,384,0,,1 (420); 0 (384); 2 (315); 4 (188); 3 (174)
420,DC Merger Contactor (C1) Cycle Count,1,dc_merger_contactor_c1_cycle_count,CONTACTOR,CONTINUOUS_TELEMETRY,NUMERIC,,5901,59.01,273,VARIABLE,0.0,5927.0,583.806,228.0,864.337,0.0,0.0,7.0,228.0,762.0,2395.0,4160.0,248,0,,0 (248); 2 (219); 1 (172); 4 (106); 3 (80)
421,DC Merger Contactor (C2) Cycle Count,1,dc_merger_contactor_c2_cycle_count,CONTACTOR,CONTINUOUS_TELEMETRY,NUMERIC,,5901,59.01,277,VARIABLE,0.0,5871.0,577.174,234.0,842.07,0.0,0.0,7.0,234.0,762.0,2373.0,3584.0,256,0,,0 (256); 1 (192); 2 (187); 3 (112); 5 (96)
422,DC Merger Contactor (C3) Cycle Count,1,dc_merger_contactor_c3_cycle_count,CONTACTOR,CONTINUOUS_TELEMETRY,NUMERIC,,5901,59.01,259,VARIABLE,0.0,4711.0,553.172,201.0,796.574,0.0,0.0,5.0,201.0,762.0,2197.0,3878.0,248,0,,0 (248); 1 (222); 2 (217); 5 (134); 3 (134)
423,DC Merger Contactor (C4) Cycle Count,1,dc_merger_contactor_c4_cycle_count,CONTACTOR,CONTINUOUS_TELEMETRY,NUMERIC,,5901,59.01,186,VARIABLE,0.0,4386.0,401.849,12.0,738.145,0.0,0.0,2.0,12.0,501.0,1979.0,3220.0,550,0,,0 (550); 1 (424); 2 (259); 3 (198); 4 (182)
424,External Contactor Cycle Count(Ring),1,external_contactor_cycle_count_ring,CONTACTOR,CONTINUOUS_TELEMETRY,NUMERIC,,6522,65.22,1,CONSTANT,0.0,0.0,0.0,0.0,0.0,0.0,0.0,0.0,0.0,0.0,0.0,0.0,3478,0,,0 (3478)
425,Merger Contactor (C0) Fail Alarm,1,merger_contactor_c0_fail_alarm,CONTACTOR,ALARM_FLAG,STRING,,0,0.0,3,LOW_VARIABILITY,,,,,,,,,,,,,0,0,"{""NA"": 5911}",NA (5911); Not alarm (4077); Alarm (12)
426,Merger Contactor (C1) Fail Alarm,1,merger_contactor_c1_fail_alarm,CONTACTOR,ALARM_FLAG,STRING,,0,0.0,3,LOW_VARIABILITY,,,,,,,,,,,,,0,0,"{""NA"": 5911}",NA (5911); Not alarm (4069); Alarm (20)
427,Merger Contactor (C2) Fail Alarm,1,merger_contactor_c2_fail_alarm,CONTACTOR,ALARM_FLAG,STRING,,0,0.0,2,LOW_VARIABILITY,,,,,,,,,,,,,0,0,"{""NA"": 5911}",NA (5911); Not alarm (4089)
428,Merger Contactor (C3) Fail Alarm,1,merger_contactor_c3_fail_alarm,CONTACTOR,ALARM_FLAG,STRING,,0,0.0,2,LOW_VARIABILITY,,,,,,,,,,,,,0,0,"{""NA"": 5911}",NA (5911); Not alarm (4089)
429,Merger Contactor (C4) Fail Alarm,1,merger_contactor_c4_fail_alarm,CONTACTOR,ALARM_FLAG,STRING,,0,0.0,3,LOW_VARIABILITY,,,,,,,,,,,,,0,0,"{""NA"": 5911}",NA (5911); Not alarm (4077); Alarm (12)
430,External Contactor Fail Alarm(Ring),1,external_contactor_fail_alarm_ring,CONTACTOR,ALARM_FLAG,STRING,,0,0.0,2,LOW_VARIABILITY,,,,,,,,,,,,,0,0,"{""NA"": 5911}",NA (5911); Not alarm (4089)
431,Merger Contactor (C0) Welded Alarm,1,merger_contactor_c0_welded_alarm,CONTACTOR,ALARM_FLAG,STRING,,0,0.0,2,LOW_VARIABILITY,,,,,,,,,,,,,0,0,"{""NA"": 6534}",NA (6534); Not alarm (3466)
432,Merger Contactor (C1) Welded Alarm,1,merger_contactor_c1_welded_alarm,CONTACTOR,ALARM_FLAG,STRING,,0,0.0,3,LOW_VARIABILITY,,,,,,,,,,,,,0,0,"{""NA"": 6534}",NA (6534); Not alarm (3454); Alarm (12)
433,Merger Contactor (C2) Welded Alarm,1,merger_contactor_c2_welded_alarm,CONTACTOR,ALARM_FLAG,STRING,,0,0.0,2,LOW_VARIABILITY,,,,,,,,,,,,,0,0,"{""NA"": 6534}",NA (6534); Not alarm (3466)
434,Merger Contactor (C3) Welded Alarm,1,merger_contactor_c3_welded_alarm,CONTACTOR,ALARM_FLAG,STRING,,0,0.0,3,LOW_VARIABILITY,,,,,,,,,,,,,0,0,"{""NA"": 6534}",NA (6534); Not alarm (3454); Alarm (12)
435,Merger Contactor (C4) Welded Alarm,1,merger_contactor_c4_welded_alarm,CONTACTOR,ALARM_FLAG,STRING,,0,0.0,3,LOW_VARIABILITY,,,,,,,,,,,,,0,0,"{""NA"": 6534}",NA (6534); Not alarm (3454); Alarm (12)
436,C0 Merger Contactor Status,1,c0_merger_contactor_status,CONTACTOR,STATE,STRING,,0,0.0,3,LOW_VARIABILITY,,,,,,,,,,,,,0,0,"{""NA"": 5911}",NA (5911); Off (4035); On (54)
437,C1 Merger Contactor Status,1,c1_merger_contactor_status,CONTACTOR,STATE,STRING,,0,0.0,3,LOW_VARIABILITY,,,,,,,,,,,,,0,0,"{""NA"": 5911}",NA (5911); Off (3819); On (270)
438,C2 Merger Contactor Status,1,c2_merger_contactor_status,CONTACTOR,STATE,STRING,,0,0.0,3,LOW_VARIABILITY,,,,,,,,,,,,,0,0,"{""NA"": 5911}",NA (5911); Off (3833); On (256)
439,C3 Merger Contactor Status,1,c3_merger_contactor_status,CONTACTOR,STATE,STRING,,0,0.0,3,LOW_VARIABILITY,,,,,,,,,,,,,0,0,"{""NA"": 5911}",NA (5911); Off (3893); On (196)
440,C4 Merger Contactor Status,1,c4_merger_contactor_status,CONTACTOR,STATE,STRING,,0,0.0,3,LOW_VARIABILITY,,,,,,,,,,,,,0,0,"{""NA"": 5911}",NA (5911); Off (3981); On (108)
441,External Contactor Status,1,external_contactor_status,CONTACTOR,STATE,STRING,,0,0.0,3,LOW_VARIABILITY,,,,,,,,,,,,,0,0,"{""NA"": 5911}",NA (5911); Off (2121); On (1968)
442,BackUp Battery Voltage,1,backup_battery_voltage,BATTERY,CONTINUOUS_TELEMETRY,NUMERIC,V,5901,59.01,34,VARIABLE,0.0,22.7,12.486,12.7,1.469,9.3,11.1,12.6,12.7,12.8,13.2,13.4,40,0,,12.7 (1322); 12.8 (645); 12.6 (604); 13.1 (172); 13.2 (166)
443,Run Since Power On,1,run_since_power_on,CHARGER,CONTINUOUS_TELEMETRY,NUMERIC,kW,1877,18.77,1541,HIGH_VARIABILITY,0.07,108245.08,2985.46,662.65,7107.171,0.45,6.62,123.69,662.65,2527.15,14553.59,31584.85,0,0,,17953.61 (64); 122.96 (36); 5829.67 (36); 14553.59 (36); 102.42 (36)
444,Ring Current Operating Mode,1,ring_current_operating_mode,CONFIGURATION,CONFIGURATION,STRING,A,0,0.0,2,LOW_VARIABILITY,,,,,,,,,,,,,0,0,"{""NA"": 6530, ""None"": 3470}",NA (6530); None (3470)
445,SMR Fail Count,1,smr_fail_count,SMR,ALARM_FLAG,NUMERIC,,8108,81.08,2,LOW_VARIABILITY,0.0,1.0,0.019,0.0,0.137,0.0,0.0,0.0,0.0,0.0,0.0,1.0,1856,0,,0 (1856); 1 (36)
446,SMR Comm Fail Count,1,smr_comm_fail_count,COMMUNICATION,ALARM_FLAG,NUMERIC,,8108,81.08,4,LOW_VARIABILITY,0.0,4.0,0.035,0.0,0.261,0.0,0.0,0.0,0.0,0.0,0.0,1.0,1845,0,,0 (1845); 1 (35); 2 (8); 4 (4)
447,GUNA SMR Fail Count,1,guna_smr_fail_count,SMR,ALARM_FLAG,NUMERIC,,9899,98.99,1,CONSTANT,0.0,0.0,0.0,0.0,0.0,0.0,0.0,0.0,0.0,0.0,0.0,0.0,101,0,,0 (101)
448,GUNA SMR Comm Fail Count,1,guna_smr_comm_fail_count,COMMUNICATION,ALARM_FLAG,NUMERIC,,9899,98.99,2,LOW_VARIABILITY,0.0,1.0,0.663,1.0,0.475,0.0,0.0,0.0,1.0,1.0,1.0,1.0,34,0,,1 (67); 0 (34)
449,GUNB SMR Fail Count,1,gunb_smr_fail_count,SMR,ALARM_FLAG,NUMERIC,,9899,98.99,1,CONSTANT,0.0,0.0,0.0,0.0,0.0,0.0,0.0,0.0,0.0,0.0,0.0,0.0,101,0,,0 (101)
450,GUNB SMR Comm Fail Count,1,gunb_smr_comm_fail_count,COMMUNICATION,ALARM_FLAG,NUMERIC,,9899,98.99,2,LOW_VARIABILITY,0.0,1.0,0.594,1.0,0.494,0.0,0.0,0.0,1.0,1.0,1.0,1.0,41,0,,1 (60); 0 (41)
451,FR1 SMR Fail Count,1,fr1_smr_fail_count,SMR,ALARM_FLAG,NUMERIC,,9899,98.99,1,CONSTANT,0.0,0.0,0.0,0.0,0.0,0.0,0.0,0.0,0.0,0.0,0.0,0.0,101,0,,0 (101)
452,FR1 SMR Comm Fail Count,1,fr1_smr_comm_fail_count,COMMUNICATION,ALARM_FLAG,NUMERIC,,9899,98.99,2,LOW_VARIABILITY,0.0,1.0,0.436,0.0,0.498,0.0,0.0,0.0,0.0,1.0,1.0,1.0,57,0,,0 (57); 1 (44)
453,FR2 SMR Fail Count,1,fr2_smr_fail_count,SMR,ALARM_FLAG,NUMERIC,,9899,98.99,1,CONSTANT,0.0,0.0,0.0,0.0,0.0,0.0,0.0,0.0,0.0,0.0,0.0,0.0,101,0,,0 (101)
454,FR2 SMR Comm Fail Count,1,fr2_smr_comm_fail_count,COMMUNICATION,ALARM_FLAG,NUMERIC,,9899,98.99,2,LOW_VARIABILITY,0.0,1.0,0.436,0.0,0.498,0.0,0.0,0.0,0.0,1.0,1.0,1.0,57,0,,0 (57); 1 (44)
455,Last Charger Reboot Reason,1,last_charger_reboot_reason,CHARGER,STATE,STRING,,0,0.0,10,LOW_VARIABILITY,,,,,,,,,,,,,0,0,"{""NA"": 6009}",NA (6009); Power-On Reboot (2854); Exception reboot (610); Hard Reboot through CMS (294); Hard Reboot through UI (164)
